date_key,date,fiscal_year,fiscal_quarter,month,full_date,month_key
20170701,2017-07-01,FY2018,FY2018 Q1,2017 Jul,"2017 Jul, 01",201707
20170702,2017-07-02,FY2018,FY2018 Q1,2017 Jul,"2017 Jul, 02",201707
20170703,2017-07-03,FY2018,FY2018 Q1,2017 Jul,"2017 Jul, 03",201707
20170704,2017-07-04,FY2018,FY2018 Q1,2017 Jul,"2017 Jul, 04",201707
20170705,2017-07-05,FY2018,FY2018 Q1,2017 Jul,"2017 Jul, 05",201707
20170706,2017-07-06,FY2018,FY2018 Q1,2017 Jul,"2017 Jul, 06",201707
20170707,2017-07-07,FY2018,FY2018 Q1,2017 Jul,"2017 Jul, 07",201707
20170708,2017-07-08,FY2018,FY2018 Q1,2017 Jul,"2017 Jul, 08",201707
20170709,2017-07-09,FY2018,FY2018 Q1,2017 Jul,"2017 Jul, 09",201707
20170710,2017-07-10,FY2018,FY2018 Q1,2017 Jul,"2017 Jul, 10",201707
20170711,2017-07-11,FY2018,FY2018 Q1,2017 Jul,"2017 Jul, 11",201707
20170712,2017-07-12,FY2018,FY2018 Q1,2017 Jul,"2017 Jul, 12",201707
20170713,2017-07-13,FY2018,FY2018 Q1,2017 Jul,"2017 Jul, 13",201707
20170714,2017-07-14,FY2018,FY2018 Q1,2017 Jul,"2017 Jul, 14",201707
20170715,2017-07-15,FY2018,FY2018 Q1,2017 Jul,"2017 Jul, 15",201707
20170716,2017-07-16,FY2018,FY2018 Q1,2017 Jul,"2017 Jul, 16",201707
20170717,2017-07-17,FY2018,FY2018 Q1,2017 Jul,"2017 Jul, 17",201707
20170718,2017-07-18,FY2018,FY2018 Q1,2017 Jul,"2017 Jul, 18",201707
20170719,2017-07-19,FY2018,FY2018 Q1,2017 Jul,"2017 Jul, 19",201707
20170720,2017-07-20,FY2018,FY2018 Q1,2017 Jul,"2017 Jul, 20",201707
20170721,2017-07-21,FY2018,FY2018 Q1,2017 Jul,"2017 Jul, 21",201707
20170722,2017-07-22,FY2018,FY2018 Q1,2017 Jul,"2017 Jul, 22",201707
20170723,2017-07-23,FY2018,FY2018 Q1,2017 Jul,"2017 Jul, 23",201707
20170724,2017-07-24,FY2018,FY2018 Q1,2017 Jul,"2017 Jul, 24",201707
20170725,2017-07-25,FY2018,FY2018 Q1,2017 Jul,"2017 Jul, 25",201707
20170726,2017-07-26,FY2018,FY2018 Q1,2017 Jul,"2017 Jul, 26",201707
20170727,2017-07-27,FY2018,FY2018 Q1,2017 Jul,"2017 Jul, 27",201707
20170728,2017-07-28,FY2018,FY2018 Q1,2017 Jul,"2017 Jul, 28",201707
20170729,2017-07-29,FY2018,FY2018 Q1,2017 Jul,"2017 Jul, 29",201707
20170730,2017-07-30,FY2018,FY2018 Q1,2017 Jul,"2017 Jul, 30",201707
20170731,2017-07-31,FY2018,FY2018 Q1,2017 Jul,"2017 Jul, 31",201707
20170801,2017-08-01,FY2018,FY2018 Q1,2017 Aug,"2017 Aug, 01",201708
20170802,2017-08-02,FY2018,FY2018 Q1,2017 Aug,"2017 Aug, 02",201708
20170803,2017-08-03,FY2018,FY2018 Q1,2017 Aug,"2017 Aug, 03",201708
20170804,2017-08-04,FY2018,FY2018 Q1,2017 Aug,"2017 Aug, 04",201708
20170805,2017-08-05,FY2018,FY2018 Q1,2017 Aug,"2017 Aug, 05",201708
20170806,2017-08-06,FY2018,FY2018 Q1,2017 Aug,"2017 Aug, 06",201708
20170807,2017-08-07,FY2018,FY2018 Q1,2017 Aug,"2017 Aug, 07",201708
20170808,2017-08-08,FY2018,FY2018 Q1,2017 Aug,"2017 Aug, 08",201708
20170809,2017-08-09,FY2018,FY2018 Q1,2017 Aug,"2017 Aug, 09",201708
20170810,2017-08-10,FY2018,FY2018 Q1,2017 Aug,"2017 Aug, 10",201708
20170811,2017-08-11,FY2018,FY2018 Q1,2017 Aug,"2017 Aug, 11",201708
20170812,2017-08-12,FY2018,FY2018 Q1,2017 Aug,"2017 Aug, 12",201708
20170813,2017-08-13,FY2018,FY2018 Q1,2017 Aug,"2017 Aug, 13",201708
20170814,2017-08-14,FY2018,FY2018 Q1,2017 Aug,"2017 Aug, 14",201708
20170815,2017-08-15,FY2018,FY2018 Q1,2017 Aug,"2017 Aug, 15",201708
20170816,2017-08-16,FY2018,FY2018 Q1,2017 Aug,"2017 Aug, 16",201708
20170817,2017-08-17,FY2018,FY2018 Q1,2017 Aug,"2017 Aug, 17",201708
20170818,2017-08-18,FY2018,FY2018 Q1,2017 Aug,"2017 Aug, 18",201708
20170819,2017-08-19,FY2018,FY2018 Q1,2017 Aug,"2017 Aug, 19",201708
20170820,2017-08-20,FY2018,FY2018 Q1,2017 Aug,"2017 Aug, 20",201708
20170821,2017-08-21,FY2018,FY2018 Q1,2017 Aug,"2017 Aug, 21",201708
20170822,2017-08-22,FY2018,FY2018 Q1,2017 Aug,"2017 Aug, 22",201708
20170823,2017-08-23,FY2018,FY2018 Q1,2017 Aug,"2017 Aug, 23",201708
20170824,2017-08-24,FY2018,FY2018 Q1,2017 Aug,"2017 Aug, 24",201708
20170825,2017-08-25,FY2018,FY2018 Q1,2017 Aug,"2017 Aug, 25",201708
20170826,2017-08-26,FY2018,FY2018 Q1,2017 Aug,"2017 Aug, 26",201708
20170827,2017-08-27,FY2018,FY2018 Q1,2017 Aug,"2017 Aug, 27",201708
20170828,2017-08-28,FY2018,FY2018 Q1,2017 Aug,"2017 Aug, 28",201708
20170829,2017-08-29,FY2018,FY2018 Q1,2017 Aug,"2017 Aug, 29",201708
20170830,2017-08-30,FY2018,FY2018 Q1,2017 Aug,"2017 Aug, 30",201708
20170831,2017-08-31,FY2018,FY2018 Q1,2017 Aug,"2017 Aug, 31",201708
20170901,2017-09-01,FY2018,FY2018 Q1,2017 Sep,"2017 Sep, 01",201709
20170902,2017-09-02,FY2018,FY2018 Q1,2017 Sep,"2017 Sep, 02",201709
20170903,2017-09-03,FY2018,FY2018 Q1,2017 Sep,"2017 Sep, 03",201709
20170904,2017-09-04,FY2018,FY2018 Q1,2017 Sep,"2017 Sep, 04",201709
20170905,2017-09-05,FY2018,FY2018 Q1,2017 Sep,"2017 Sep, 05",201709
20170906,2017-09-06,FY2018,FY2018 Q1,2017 Sep,"2017 Sep, 06",201709
20170907,2017-09-07,FY2018,FY2018 Q1,2017 Sep,"2017 Sep, 07",201709
20170908,2017-09-08,FY2018,FY2018 Q1,2017 Sep,"2017 Sep, 08",201709
20170909,2017-09-09,FY2018,FY2018 Q1,2017 Sep,"2017 Sep, 09",201709
20170910,2017-09-10,FY2018,FY2018 Q1,2017 Sep,"2017 Sep, 10",201709
20170911,2017-09-11,FY2018,FY2018 Q1,2017 Sep,"2017 Sep, 11",201709
20170912,2017-09-12,FY2018,FY2018 Q1,2017 Sep,"2017 Sep, 12",201709
20170913,2017-09-13,FY2018,FY2018 Q1,2017 Sep,"2017 Sep, 13",201709
20170914,2017-09-14,FY2018,FY2018 Q1,2017 Sep,"2017 Sep, 14",201709
20170915,2017-09-15,FY2018,FY2018 Q1,2017 Sep,"2017 Sep, 15",201709
20170916,2017-09-16,FY2018,FY2018 Q1,2017 Sep,"2017 Sep, 16",201709
20170917,2017-09-17,FY2018,FY2018 Q1,2017 Sep,"2017 Sep, 17",201709
20170918,2017-09-18,FY2018,FY2018 Q1,2017 Sep,"2017 Sep, 18",201709
20170919,2017-09-19,FY2018,FY2018 Q1,2017 Sep,"2017 Sep, 19",201709
20170920,2017-09-20,FY2018,FY2018 Q1,2017 Sep,"2017 Sep, 20",201709
20170921,2017-09-21,FY2018,FY2018 Q1,2017 Sep,"2017 Sep, 21",201709
20170922,2017-09-22,FY2018,FY2018 Q1,2017 Sep,"2017 Sep, 22",201709
20170923,2017-09-23,FY2018,FY2018 Q1,2017 Sep,"2017 Sep, 23",201709
20170924,2017-09-24,FY2018,FY2018 Q1,2017 Sep,"2017 Sep, 24",201709
20170925,2017-09-25,FY2018,FY2018 Q1,2017 Sep,"2017 Sep, 25",201709
20170926,2017-09-26,FY2018,FY2018 Q1,2017 Sep,"2017 Sep, 26",201709
20170927,2017-09-27,FY2018,FY2018 Q1,2017 Sep,"2017 Sep, 27",201709
20170928,2017-09-28,FY2018,FY2018 Q1,2017 Sep,"2017 Sep, 28",201709
20170929,2017-09-29,FY2018,FY2018 Q1,2017 Sep,"2017 Sep, 29",201709
20170930,2017-09-30,FY2018,FY2018 Q1,2017 Sep,"2017 Sep, 30",201709
20171001,2017-10-01,FY2018,FY2018 Q2,2017 Oct,"2017 Oct, 01",201710
20171002,2017-10-02,FY2018,FY2018 Q2,2017 Oct,"2017 Oct, 02",201710
20171003,2017-10-03,FY2018,FY2018 Q2,2017 Oct,"2017 Oct, 03",201710
20171004,2017-10-04,FY2018,FY2018 Q2,2017 Oct,"2017 Oct, 04",201710
20171005,2017-10-05,FY2018,FY2018 Q2,2017 Oct,"2017 Oct, 05",201710
20171006,2017-10-06,FY2018,FY2018 Q2,2017 Oct,"2017 Oct, 06",201710
20171007,2017-10-07,FY2018,FY2018 Q2,2017 Oct,"2017 Oct, 07",201710
20171008,2017-10-08,FY2018,FY2018 Q2,2017 Oct,"2017 Oct, 08",201710
20171009,2017-10-09,FY2018,FY2018 Q2,2017 Oct,"2017 Oct, 09",201710
20171010,2017-10-10,FY2018,FY2018 Q2,2017 Oct,"2017 Oct, 10",201710
20171011,2017-10-11,FY2018,FY2018 Q2,2017 Oct,"2017 Oct, 11",201710
20171012,2017-10-12,FY2018,FY2018 Q2,2017 Oct,"2017 Oct, 12",201710
20171013,2017-10-13,FY2018,FY2018 Q2,2017 Oct,"2017 Oct, 13",201710
20171014,2017-10-14,FY2018,FY2018 Q2,2017 Oct,"2017 Oct, 14",201710
20171015,2017-10-15,FY2018,FY2018 Q2,2017 Oct,"2017 Oct, 15",201710
20171016,2017-10-16,FY2018,FY2018 Q2,2017 Oct,"2017 Oct, 16",201710
20171017,2017-10-17,FY2018,FY2018 Q2,2017 Oct,"2017 Oct, 17",201710
20171018,2017-10-18,FY2018,FY2018 Q2,2017 Oct,"2017 Oct, 18",201710
20171019,2017-10-19,FY2018,FY2018 Q2,2017 Oct,"2017 Oct, 19",201710
20171020,2017-10-20,FY2018,FY2018 Q2,2017 Oct,"2017 Oct, 20",201710
20171021,2017-10-21,FY2018,FY2018 Q2,2017 Oct,"2017 Oct, 21",201710
20171022,2017-10-22,FY2018,FY2018 Q2,2017 Oct,"2017 Oct, 22",201710
20171023,2017-10-23,FY2018,FY2018 Q2,2017 Oct,"2017 Oct, 23",201710
20171024,2017-10-24,FY2018,FY2018 Q2,2017 Oct,"2017 Oct, 24",201710
20171025,2017-10-25,FY2018,FY2018 Q2,2017 Oct,"2017 Oct, 25",201710
20171026,2017-10-26,FY2018,FY2018 Q2,2017 Oct,"2017 Oct, 26",201710
20171027,2017-10-27,FY2018,FY2018 Q2,2017 Oct,"2017 Oct, 27",201710
20171028,2017-10-28,FY2018,FY2018 Q2,2017 Oct,"2017 Oct, 28",201710
20171029,2017-10-29,FY2018,FY2018 Q2,2017 Oct,"2017 Oct, 29",201710
20171030,2017-10-30,FY2018,FY2018 Q2,2017 Oct,"2017 Oct, 30",201710
20171031,2017-10-31,FY2018,FY2018 Q2,2017 Oct,"2017 Oct, 31",201710
20171101,2017-11-01,FY2018,FY2018 Q2,2017 Nov,"2017 Nov, 01",201711
20171102,2017-11-02,FY2018,FY2018 Q2,2017 Nov,"2017 Nov, 02",201711
20171103,2017-11-03,FY2018,FY2018 Q2,2017 Nov,"2017 Nov, 03",201711
20171104,2017-11-04,FY2018,FY2018 Q2,2017 Nov,"2017 Nov, 04",201711
20171105,2017-11-05,FY2018,FY2018 Q2,2017 Nov,"2017 Nov, 05",201711
20171106,2017-11-06,FY2018,FY2018 Q2,2017 Nov,"2017 Nov, 06",201711
20171107,2017-11-07,FY2018,FY2018 Q2,2017 Nov,"2017 Nov, 07",201711
20171108,2017-11-08,FY2018,FY2018 Q2,2017 Nov,"2017 Nov, 08",201711
20171109,2017-11-09,FY2018,FY2018 Q2,2017 Nov,"2017 Nov, 09",201711
20171110,2017-11-10,FY2018,FY2018 Q2,2017 Nov,"2017 Nov, 10",201711
20171111,2017-11-11,FY2018,FY2018 Q2,2017 Nov,"2017 Nov, 11",201711
20171112,2017-11-12,FY2018,FY2018 Q2,2017 Nov,"2017 Nov, 12",201711
20171113,2017-11-13,FY2018,FY2018 Q2,2017 Nov,"2017 Nov, 13",201711
20171114,2017-11-14,FY2018,FY2018 Q2,2017 Nov,"2017 Nov, 14",201711
20171115,2017-11-15,FY2018,FY2018 Q2,2017 Nov,"2017 Nov, 15",201711
20171116,2017-11-16,FY2018,FY2018 Q2,2017 Nov,"2017 Nov, 16",201711
20171117,2017-11-17,FY2018,FY2018 Q2,2017 Nov,"2017 Nov, 17",201711
20171118,2017-11-18,FY2018,FY2018 Q2,2017 Nov,"2017 Nov, 18",201711
20171119,2017-11-19,FY2018,FY2018 Q2,2017 Nov,"2017 Nov, 19",201711
20171120,2017-11-20,FY2018,FY2018 Q2,2017 Nov,"2017 Nov, 20",201711
20171121,2017-11-21,FY2018,FY2018 Q2,2017 Nov,"2017 Nov, 21",201711
20171122,2017-11-22,FY2018,FY2018 Q2,2017 Nov,"2017 Nov, 22",201711
20171123,2017-11-23,FY2018,FY2018 Q2,2017 Nov,"2017 Nov, 23",201711
20171124,2017-11-24,FY2018,FY2018 Q2,2017 Nov,"2017 Nov, 24",201711
20171125,2017-11-25,FY2018,FY2018 Q2,2017 Nov,"2017 Nov, 25",201711
20171126,2017-11-26,FY2018,FY2018 Q2,2017 Nov,"2017 Nov, 26",201711
20171127,2017-11-27,FY2018,FY2018 Q2,2017 Nov,"2017 Nov, 27",201711
20171128,2017-11-28,FY2018,FY2018 Q2,2017 Nov,"2017 Nov, 28",201711
20171129,2017-11-29,FY2018,FY2018 Q2,2017 Nov,"2017 Nov, 29",201711
20171130,2017-11-30,FY2018,FY2018 Q2,2017 Nov,"2017 Nov, 30",201711
20171201,2017-12-01,FY2018,FY2018 Q2,2017 Dec,"2017 Dec, 01",201712
20171202,2017-12-02,FY2018,FY2018 Q2,2017 Dec,"2017 Dec, 02",201712
20171203,2017-12-03,FY2018,FY2018 Q2,2017 Dec,"2017 Dec, 03",201712
20171204,2017-12-04,FY2018,FY2018 Q2,2017 Dec,"2017 Dec, 04",201712
20171205,2017-12-05,FY2018,FY2018 Q2,2017 Dec,"2017 Dec, 05",201712
20171206,2017-12-06,FY2018,FY2018 Q2,2017 Dec,"2017 Dec, 06",201712
20171207,2017-12-07,FY2018,FY2018 Q2,2017 Dec,"2017 Dec, 07",201712
20171208,2017-12-08,FY2018,FY2018 Q2,2017 Dec,"2017 Dec, 08",201712
20171209,2017-12-09,FY2018,FY2018 Q2,2017 Dec,"2017 Dec, 09",201712
20171210,2017-12-10,FY2018,FY2018 Q2,2017 Dec,"2017 Dec, 10",201712
20171211,2017-12-11,FY2018,FY2018 Q2,2017 Dec,"2017 Dec, 11",201712
20171212,2017-12-12,FY2018,FY2018 Q2,2017 Dec,"2017 Dec, 12",201712
20171213,2017-12-13,FY2018,FY2018 Q2,2017 Dec,"2017 Dec, 13",201712
20171214,2017-12-14,FY2018,FY2018 Q2,2017 Dec,"2017 Dec, 14",201712
20171215,2017-12-15,FY2018,FY2018 Q2,2017 Dec,"2017 Dec, 15",201712
20171216,2017-12-16,FY2018,FY2018 Q2,2017 Dec,"2017 Dec, 16",201712
20171217,2017-12-17,FY2018,FY2018 Q2,2017 Dec,"2017 Dec, 17",201712
20171218,2017-12-18,FY2018,FY2018 Q2,2017 Dec,"2017 Dec, 18",201712
20171219,2017-12-19,FY2018,FY2018 Q2,2017 Dec,"2017 Dec, 19",201712
20171220,2017-12-20,FY2018,FY2018 Q2,2017 Dec,"2017 Dec, 20",201712
20171221,2017-12-21,FY2018,FY2018 Q2,2017 Dec,"2017 Dec, 21",201712
20171222,2017-12-22,FY2018,FY2018 Q2,2017 Dec,"2017 Dec, 22",201712
20171223,2017-12-23,FY2018,FY2018 Q2,2017 Dec,"2017 Dec, 23",201712
20171224,2017-12-24,FY2018,FY2018 Q2,2017 Dec,"2017 Dec, 24",201712
20171225,2017-12-25,FY2018,FY2018 Q2,2017 Dec,"2017 Dec, 25",201712
20171226,2017-12-26,FY2018,FY2018 Q2,2017 Dec,"2017 Dec, 26",201712
20171227,2017-12-27,FY2018,FY2018 Q2,2017 Dec,"2017 Dec, 27",201712
20171228,2017-12-28,FY2018,FY2018 Q2,2017 Dec,"2017 Dec, 28",201712
20171229,2017-12-29,FY2018,FY2018 Q2,2017 Dec,"2017 Dec, 29",201712
20171230,2017-12-30,FY2018,FY2018 Q2,2017 Dec,"2017 Dec, 30",201712
20171231,2017-12-31,FY2018,FY2018 Q2,2017 Dec,"2017 Dec, 31",201712
20180101,2018-01-01,FY2018,FY2018 Q3,2018 Jan,"2018 Jan, 01",201801
20180102,2018-01-02,FY2018,FY2018 Q3,2018 Jan,"2018 Jan, 02",201801
20180103,2018-01-03,FY2018,FY2018 Q3,2018 Jan,"2018 Jan, 03",201801
20180104,2018-01-04,FY2018,FY2018 Q3,2018 Jan,"2018 Jan, 04",201801
20180105,2018-01-05,FY2018,FY2018 Q3,2018 Jan,"2018 Jan, 05",201801
20180106,2018-01-06,FY2018,FY2018 Q3,2018 Jan,"2018 Jan, 06",201801
20180107,2018-01-07,FY2018,FY2018 Q3,2018 Jan,"2018 Jan, 07",201801
20180108,2018-01-08,FY2018,FY2018 Q3,2018 Jan,"2018 Jan, 08",201801
20180109,2018-01-09,FY2018,FY2018 Q3,2018 Jan,"2018 Jan, 09",201801
20180110,2018-01-10,FY2018,FY2018 Q3,2018 Jan,"2018 Jan, 10",201801
20180111,2018-01-11,FY2018,FY2018 Q3,2018 Jan,"2018 Jan, 11",201801
20180112,2018-01-12,FY2018,FY2018 Q3,2018 Jan,"2018 Jan, 12",201801
20180113,2018-01-13,FY2018,FY2018 Q3,2018 Jan,"2018 Jan, 13",201801
20180114,2018-01-14,FY2018,FY2018 Q3,2018 Jan,"2018 Jan, 14",201801
20180115,2018-01-15,FY2018,FY2018 Q3,2018 Jan,"2018 Jan, 15",201801
20180116,2018-01-16,FY2018,FY2018 Q3,2018 Jan,"2018 Jan, 16",201801
20180117,2018-01-17,FY2018,FY2018 Q3,2018 Jan,"2018 Jan, 17",201801
20180118,2018-01-18,FY2018,FY2018 Q3,2018 Jan,"2018 Jan, 18",201801
20180119,2018-01-19,FY2018,FY2018 Q3,2018 Jan,"2018 Jan, 19",201801
20180120,2018-01-20,FY2018,FY2018 Q3,2018 Jan,"2018 Jan, 20",201801
20180121,2018-01-21,FY2018,FY2018 Q3,2018 Jan,"2018 Jan, 21",201801
20180122,2018-01-22,FY2018,FY2018 Q3,2018 Jan,"2018 Jan, 22",201801
20180123,2018-01-23,FY2018,FY2018 Q3,2018 Jan,"2018 Jan, 23",201801
20180124,2018-01-24,FY2018,FY2018 Q3,2018 Jan,"2018 Jan, 24",201801
20180125,2018-01-25,FY2018,FY2018 Q3,2018 Jan,"2018 Jan, 25",201801
20180126,2018-01-26,FY2018,FY2018 Q3,2018 Jan,"2018 Jan, 26",201801
20180127,2018-01-27,FY2018,FY2018 Q3,2018 Jan,"2018 Jan, 27",201801
20180128,2018-01-28,FY2018,FY2018 Q3,2018 Jan,"2018 Jan, 28",201801
20180129,2018-01-29,FY2018,FY2018 Q3,2018 Jan,"2018 Jan, 29",201801
20180130,2018-01-30,FY2018,FY2018 Q3,2018 Jan,"2018 Jan, 30",201801
20180131,2018-01-31,FY2018,FY2018 Q3,2018 Jan,"2018 Jan, 31",201801
20180201,2018-02-01,FY2018,FY2018 Q3,2018 Feb,"2018 Feb, 01",201802
20180202,2018-02-02,FY2018,FY2018 Q3,2018 Feb,"2018 Feb, 02",201802
20180203,2018-02-03,FY2018,FY2018 Q3,2018 Feb,"2018 Feb, 03",201802
20180204,2018-02-04,FY2018,FY2018 Q3,2018 Feb,"2018 Feb, 04",201802
20180205,2018-02-05,FY2018,FY2018 Q3,2018 Feb,"2018 Feb, 05",201802
20180206,2018-02-06,FY2018,FY2018 Q3,2018 Feb,"2018 Feb, 06",201802
20180207,2018-02-07,FY2018,FY2018 Q3,2018 Feb,"2018 Feb, 07",201802
20180208,2018-02-08,FY2018,FY2018 Q3,2018 Feb,"2018 Feb, 08",201802
20180209,2018-02-09,FY2018,FY2018 Q3,2018 Feb,"2018 Feb, 09",201802
20180210,2018-02-10,FY2018,FY2018 Q3,2018 Feb,"2018 Feb, 10",201802
20180211,2018-02-11,FY2018,FY2018 Q3,2018 Feb,"2018 Feb, 11",201802
20180212,2018-02-12,FY2018,FY2018 Q3,2018 Feb,"2018 Feb, 12",201802
20180213,2018-02-13,FY2018,FY2018 Q3,2018 Feb,"2018 Feb, 13",201802
20180214,2018-02-14,FY2018,FY2018 Q3,2018 Feb,"2018 Feb, 14",201802
20180215,2018-02-15,FY2018,FY2018 Q3,2018 Feb,"2018 Feb, 15",201802
20180216,2018-02-16,FY2018,FY2018 Q3,2018 Feb,"2018 Feb, 16",201802
20180217,2018-02-17,FY2018,FY2018 Q3,2018 Feb,"2018 Feb, 17",201802
20180218,2018-02-18,FY2018,FY2018 Q3,2018 Feb,"2018 Feb, 18",201802
20180219,2018-02-19,FY2018,FY2018 Q3,2018 Feb,"2018 Feb, 19",201802
20180220,2018-02-20,FY2018,FY2018 Q3,2018 Feb,"2018 Feb, 20",201802
20180221,2018-02-21,FY2018,FY2018 Q3,2018 Feb,"2018 Feb, 21",201802
20180222,2018-02-22,FY2018,FY2018 Q3,2018 Feb,"2018 Feb, 22",201802
20180223,2018-02-23,FY2018,FY2018 Q3,2018 Feb,"2018 Feb, 23",201802
20180224,2018-02-24,FY2018,FY2018 Q3,2018 Feb,"2018 Feb, 24",201802
20180225,2018-02-25,FY2018,FY2018 Q3,2018 Feb,"2018 Feb, 25",201802
20180226,2018-02-26,FY2018,FY2018 Q3,2018 Feb,"2018 Feb, 26",201802
20180227,2018-02-27,FY2018,FY2018 Q3,2018 Feb,"2018 Feb, 27",201802
20180228,2018-02-28,FY2018,FY2018 Q3,2018 Feb,"2018 Feb, 28",201802
20180301,2018-03-01,FY2018,FY2018 Q3,2018 Mar,"2018 Mar, 01",201803
20180302,2018-03-02,FY2018,FY2018 Q3,2018 Mar,"2018 Mar, 02",201803
20180303,2018-03-03,FY2018,FY2018 Q3,2018 Mar,"2018 Mar, 03",201803
20180304,2018-03-04,FY2018,FY2018 Q3,2018 Mar,"2018 Mar, 04",201803
20180305,2018-03-05,FY2018,FY2018 Q3,2018 Mar,"2018 Mar, 05",201803
20180306,2018-03-06,FY2018,FY2018 Q3,2018 Mar,"2018 Mar, 06",201803
20180307,2018-03-07,FY2018,FY2018 Q3,2018 Mar,"2018 Mar, 07",201803
20180308,2018-03-08,FY2018,FY2018 Q3,2018 Mar,"2018 Mar, 08",201803
20180309,2018-03-09,FY2018,FY2018 Q3,2018 Mar,"2018 Mar, 09",201803
20180310,2018-03-10,FY2018,FY2018 Q3,2018 Mar,"2018 Mar, 10",201803
20180311,2018-03-11,FY2018,FY2018 Q3,2018 Mar,"2018 Mar, 11",201803
20180312,2018-03-12,FY2018,FY2018 Q3,2018 Mar,"2018 Mar, 12",201803
20180313,2018-03-13,FY2018,FY2018 Q3,2018 Mar,"2018 Mar, 13",201803
20180314,2018-03-14,FY2018,FY2018 Q3,2018 Mar,"2018 Mar, 14",201803
20180315,2018-03-15,FY2018,FY2018 Q3,2018 Mar,"2018 Mar, 15",201803
20180316,2018-03-16,FY2018,FY2018 Q3,2018 Mar,"2018 Mar, 16",201803
20180317,2018-03-17,FY2018,FY2018 Q3,2018 Mar,"2018 Mar, 17",201803
20180318,2018-03-18,FY2018,FY2018 Q3,2018 Mar,"2018 Mar, 18",201803
20180319,2018-03-19,FY2018,FY2018 Q3,2018 Mar,"2018 Mar, 19",201803
20180320,2018-03-20,FY2018,FY2018 Q3,2018 Mar,"2018 Mar, 20",201803
20180321,2018-03-21,FY2018,FY2018 Q3,2018 Mar,"2018 Mar, 21",201803
20180322,2018-03-22,FY2018,FY2018 Q3,2018 Mar,"2018 Mar, 22",201803
20180323,2018-03-23,FY2018,FY2018 Q3,2018 Mar,"2018 Mar, 23",201803
20180324,2018-03-24,FY2018,FY2018 Q3,2018 Mar,"2018 Mar, 24",201803
20180325,2018-03-25,FY2018,FY2018 Q3,2018 Mar,"2018 Mar, 25",201803
20180326,2018-03-26,FY2018,FY2018 Q3,2018 Mar,"2018 Mar, 26",201803
20180327,2018-03-27,FY2018,FY2018 Q3,2018 Mar,"2018 Mar, 27",201803
20180328,2018-03-28,FY2018,FY2018 Q3,2018 Mar,"2018 Mar, 28",201803
20180329,2018-03-29,FY2018,FY2018 Q3,2018 Mar,"2018 Mar, 29",201803
20180330,2018-03-30,FY2018,FY2018 Q3,2018 Mar,"2018 Mar, 30",201803
20180331,2018-03-31,FY2018,FY2018 Q3,2018 Mar,"2018 Mar, 31",201803
20180401,2018-04-01,FY2018,FY2018 Q4,2018 Apr,"2018 Apr, 01",201804
20180402,2018-04-02,FY2018,FY2018 Q4,2018 Apr,"2018 Apr, 02",201804
20180403,2018-04-03,FY2018,FY2018 Q4,2018 Apr,"2018 Apr, 03",201804
20180404,2018-04-04,FY2018,FY2018 Q4,2018 Apr,"2018 Apr, 04",201804
20180405,2018-04-05,FY2018,FY2018 Q4,2018 Apr,"2018 Apr, 05",201804
20180406,2018-04-06,FY2018,FY2018 Q4,2018 Apr,"2018 Apr, 06",201804
20180407,2018-04-07,FY2018,FY2018 Q4,2018 Apr,"2018 Apr, 07",201804
20180408,2018-04-08,FY2018,FY2018 Q4,2018 Apr,"2018 Apr, 08",201804
20180409,2018-04-09,FY2018,FY2018 Q4,2018 Apr,"2018 Apr, 09",201804
20180410,2018-04-10,FY2018,FY2018 Q4,2018 Apr,"2018 Apr, 10",201804
20180411,2018-04-11,FY2018,FY2018 Q4,2018 Apr,"2018 Apr, 11",201804
20180412,2018-04-12,FY2018,FY2018 Q4,2018 Apr,"2018 Apr, 12",201804
20180413,2018-04-13,FY2018,FY2018 Q4,2018 Apr,"2018 Apr, 13",201804
20180414,2018-04-14,FY2018,FY2018 Q4,2018 Apr,"2018 Apr, 14",201804
20180415,2018-04-15,FY2018,FY2018 Q4,2018 Apr,"2018 Apr, 15",201804
20180416,2018-04-16,FY2018,FY2018 Q4,2018 Apr,"2018 Apr, 16",201804
20180417,2018-04-17,FY2018,FY2018 Q4,2018 Apr,"2018 Apr, 17",201804
20180418,2018-04-18,FY2018,FY2018 Q4,2018 Apr,"2018 Apr, 18",201804
20180419,2018-04-19,FY2018,FY2018 Q4,2018 Apr,"2018 Apr, 19",201804
20180420,2018-04-20,FY2018,FY2018 Q4,2018 Apr,"2018 Apr, 20",201804
20180421,2018-04-21,FY2018,FY2018 Q4,2018 Apr,"2018 Apr, 21",201804
20180422,2018-04-22,FY2018,FY2018 Q4,2018 Apr,"2018 Apr, 22",201804
20180423,2018-04-23,FY2018,FY2018 Q4,2018 Apr,"2018 Apr, 23",201804
20180424,2018-04-24,FY2018,FY2018 Q4,2018 Apr,"2018 Apr, 24",201804
20180425,2018-04-25,FY2018,FY2018 Q4,2018 Apr,"2018 Apr, 25",201804
20180426,2018-04-26,FY2018,FY2018 Q4,2018 Apr,"2018 Apr, 26",201804
20180427,2018-04-27,FY2018,FY2018 Q4,2018 Apr,"2018 Apr, 27",201804
20180428,2018-04-28,FY2018,FY2018 Q4,2018 Apr,"2018 Apr, 28",201804
20180429,2018-04-29,FY2018,FY2018 Q4,2018 Apr,"2018 Apr, 29",201804
20180430,2018-04-30,FY2018,FY2018 Q4,2018 Apr,"2018 Apr, 30",201804
20180501,2018-05-01,FY2018,FY2018 Q4,2018 May,"2018 May, 01",201805
20180502,2018-05-02,FY2018,FY2018 Q4,2018 May,"2018 May, 02",201805
20180503,2018-05-03,FY2018,FY2018 Q4,2018 May,"2018 May, 03",201805
20180504,2018-05-04,FY2018,FY2018 Q4,2018 May,"2018 May, 04",201805
20180505,2018-05-05,FY2018,FY2018 Q4,2018 May,"2018 May, 05",201805
20180506,2018-05-06,FY2018,FY2018 Q4,2018 May,"2018 May, 06",201805
20180507,2018-05-07,FY2018,FY2018 Q4,2018 May,"2018 May, 07",201805
20180508,2018-05-08,FY2018,FY2018 Q4,2018 May,"2018 May, 08",201805
20180509,2018-05-09,FY2018,FY2018 Q4,2018 May,"2018 May, 09",201805
20180510,2018-05-10,FY2018,FY2018 Q4,2018 May,"2018 May, 10",201805
20180511,2018-05-11,FY2018,FY2018 Q4,2018 May,"2018 May, 11",201805
20180512,2018-05-12,FY2018,FY2018 Q4,2018 May,"2018 May, 12",201805
20180513,2018-05-13,FY2018,FY2018 Q4,2018 May,"2018 May, 13",201805
20180514,2018-05-14,FY2018,FY2018 Q4,2018 May,"2018 May, 14",201805
20180515,2018-05-15,FY2018,FY2018 Q4,2018 May,"2018 May, 15",201805
20180516,2018-05-16,FY2018,FY2018 Q4,2018 May,"2018 May, 16",201805
20180517,2018-05-17,FY2018,FY2018 Q4,2018 May,"2018 May, 17",201805
20180518,2018-05-18,FY2018,FY2018 Q4,2018 May,"2018 May, 18",201805
20180519,2018-05-19,FY2018,FY2018 Q4,2018 May,"2018 May, 19",201805
20180520,2018-05-20,FY2018,FY2018 Q4,2018 May,"2018 May, 20",201805
20180521,2018-05-21,FY2018,FY2018 Q4,2018 May,"2018 May, 21",201805
20180522,2018-05-22,FY2018,FY2018 Q4,2018 May,"2018 May, 22",201805
20180523,2018-05-23,FY2018,FY2018 Q4,2018 May,"2018 May, 23",201805
20180524,2018-05-24,FY2018,FY2018 Q4,2018 May,"2018 May, 24",201805
20180525,2018-05-25,FY2018,FY2018 Q4,2018 May,"2018 May, 25",201805
20180526,2018-05-26,FY2018,FY2018 Q4,2018 May,"2018 May, 26",201805
20180527,2018-05-27,FY2018,FY2018 Q4,2018 May,"2018 May, 27",201805
20180528,2018-05-28,FY2018,FY2018 Q4,2018 May,"2018 May, 28",201805
20180529,2018-05-29,FY2018,FY2018 Q4,2018 May,"2018 May, 29",201805
20180530,2018-05-30,FY2018,FY2018 Q4,2018 May,"2018 May, 30",201805
20180531,2018-05-31,FY2018,FY2018 Q4,2018 May,"2018 May, 31",201805
20180601,2018-06-01,FY2018,FY2018 Q4,2018 Jun,"2018 Jun, 01",201806
20180602,2018-06-02,FY2018,FY2018 Q4,2018 Jun,"2018 Jun, 02",201806
20180603,2018-06-03,FY2018,FY2018 Q4,2018 Jun,"2018 Jun, 03",201806
20180604,2018-06-04,FY2018,FY2018 Q4,2018 Jun,"2018 Jun, 04",201806
20180605,2018-06-05,FY2018,FY2018 Q4,2018 Jun,"2018 Jun, 05",201806
20180606,2018-06-06,FY2018,FY2018 Q4,2018 Jun,"2018 Jun, 06",201806
20180607,2018-06-07,FY2018,FY2018 Q4,2018 Jun,"2018 Jun, 07",201806
20180608,2018-06-08,FY2018,FY2018 Q4,2018 Jun,"2018 Jun, 08",201806
20180609,2018-06-09,FY2018,FY2018 Q4,2018 Jun,"2018 Jun, 09",201806
20180610,2018-06-10,FY2018,FY2018 Q4,2018 Jun,"2018 Jun, 10",201806
20180611,2018-06-11,FY2018,FY2018 Q4,2018 Jun,"2018 Jun, 11",201806
20180612,2018-06-12,FY2018,FY2018 Q4,2018 Jun,"2018 Jun, 12",201806
20180613,2018-06-13,FY2018,FY2018 Q4,2018 Jun,"2018 Jun, 13",201806
20180614,2018-06-14,FY2018,FY2018 Q4,2018 Jun,"2018 Jun, 14",201806
20180615,2018-06-15,FY2018,FY2018 Q4,2018 Jun,"2018 Jun, 15",201806
20180616,2018-06-16,FY2018,FY2018 Q4,2018 Jun,"2018 Jun, 16",201806
20180617,2018-06-17,FY2018,FY2018 Q4,2018 Jun,"2018 Jun, 17",201806
20180618,2018-06-18,FY2018,FY2018 Q4,2018 Jun,"2018 Jun, 18",201806
20180619,2018-06-19,FY2018,FY2018 Q4,2018 Jun,"2018 Jun, 19",201806
20180620,2018-06-20,FY2018,FY2018 Q4,2018 Jun,"2018 Jun, 20",201806
20180621,2018-06-21,FY2018,FY2018 Q4,2018 Jun,"2018 Jun, 21",201806
20180622,2018-06-22,FY2018,FY2018 Q4,2018 Jun,"2018 Jun, 22",201806
20180623,2018-06-23,FY2018,FY2018 Q4,2018 Jun,"2018 Jun, 23",201806
20180624,2018-06-24,FY2018,FY2018 Q4,2018 Jun,"2018 Jun, 24",201806
20180625,2018-06-25,FY2018,FY2018 Q4,2018 Jun,"2018 Jun, 25",201806
20180626,2018-06-26,FY2018,FY2018 Q4,2018 Jun,"2018 Jun, 26",201806
20180627,2018-06-27,FY2018,FY2018 Q4,2018 Jun,"2018 Jun, 27",201806
20180628,2018-06-28,FY2018,FY2018 Q4,2018 Jun,"2018 Jun, 28",201806
20180629,2018-06-29,FY2018,FY2018 Q4,2018 Jun,"2018 Jun, 29",201806
20180630,2018-06-30,FY2018,FY2018 Q4,2018 Jun,"2018 Jun, 30",201806
20180701,2018-07-01,FY2019,FY2019 Q1,2018 Jul,"2018 Jul, 01",201807
20180702,2018-07-02,FY2019,FY2019 Q1,2018 Jul,"2018 Jul, 02",201807
20180703,2018-07-03,FY2019,FY2019 Q1,2018 Jul,"2018 Jul, 03",201807
20180704,2018-07-04,FY2019,FY2019 Q1,2018 Jul,"2018 Jul, 04",201807
20180705,2018-07-05,FY2019,FY2019 Q1,2018 Jul,"2018 Jul, 05",201807
20180706,2018-07-06,FY2019,FY2019 Q1,2018 Jul,"2018 Jul, 06",201807
20180707,2018-07-07,FY2019,FY2019 Q1,2018 Jul,"2018 Jul, 07",201807
20180708,2018-07-08,FY2019,FY2019 Q1,2018 Jul,"2018 Jul, 08",201807
20180709,2018-07-09,FY2019,FY2019 Q1,2018 Jul,"2018 Jul, 09",201807
20180710,2018-07-10,FY2019,FY2019 Q1,2018 Jul,"2018 Jul, 10",201807
20180711,2018-07-11,FY2019,FY2019 Q1,2018 Jul,"2018 Jul, 11",201807
20180712,2018-07-12,FY2019,FY2019 Q1,2018 Jul,"2018 Jul, 12",201807
20180713,2018-07-13,FY2019,FY2019 Q1,2018 Jul,"2018 Jul, 13",201807
20180714,2018-07-14,FY2019,FY2019 Q1,2018 Jul,"2018 Jul, 14",201807
20180715,2018-07-15,FY2019,FY2019 Q1,2018 Jul,"2018 Jul, 15",201807
20180716,2018-07-16,FY2019,FY2019 Q1,2018 Jul,"2018 Jul, 16",201807
20180717,2018-07-17,FY2019,FY2019 Q1,2018 Jul,"2018 Jul, 17",201807
20180718,2018-07-18,FY2019,FY2019 Q1,2018 Jul,"2018 Jul, 18",201807
20180719,2018-07-19,FY2019,FY2019 Q1,2018 Jul,"2018 Jul, 19",201807
20180720,2018-07-20,FY2019,FY2019 Q1,2018 Jul,"2018 Jul, 20",201807
20180721,2018-07-21,FY2019,FY2019 Q1,2018 Jul,"2018 Jul, 21",201807
20180722,2018-07-22,FY2019,FY2019 Q1,2018 Jul,"2018 Jul, 22",201807
20180723,2018-07-23,FY2019,FY2019 Q1,2018 Jul,"2018 Jul, 23",201807
20180724,2018-07-24,FY2019,FY2019 Q1,2018 Jul,"2018 Jul, 24",201807
20180725,2018-07-25,FY2019,FY2019 Q1,2018 Jul,"2018 Jul, 25",201807
20180726,2018-07-26,FY2019,FY2019 Q1,2018 Jul,"2018 Jul, 26",201807
20180727,2018-07-27,FY2019,FY2019 Q1,2018 Jul,"2018 Jul, 27",201807
20180728,2018-07-28,FY2019,FY2019 Q1,2018 Jul,"2018 Jul, 28",201807
20180729,2018-07-29,FY2019,FY2019 Q1,2018 Jul,"2018 Jul, 29",201807
20180730,2018-07-30,FY2019,FY2019 Q1,2018 Jul,"2018 Jul, 30",201807
20180731,2018-07-31,FY2019,FY2019 Q1,2018 Jul,"2018 Jul, 31",201807
20180801,2018-08-01,FY2019,FY2019 Q1,2018 Aug,"2018 Aug, 01",201808
20180802,2018-08-02,FY2019,FY2019 Q1,2018 Aug,"2018 Aug, 02",201808
20180803,2018-08-03,FY2019,FY2019 Q1,2018 Aug,"2018 Aug, 03",201808
20180804,2018-08-04,FY2019,FY2019 Q1,2018 Aug,"2018 Aug, 04",201808
20180805,2018-08-05,FY2019,FY2019 Q1,2018 Aug,"2018 Aug, 05",201808
20180806,2018-08-06,FY2019,FY2019 Q1,2018 Aug,"2018 Aug, 06",201808
20180807,2018-08-07,FY2019,FY2019 Q1,2018 Aug,"2018 Aug, 07",201808
20180808,2018-08-08,FY2019,FY2019 Q1,2018 Aug,"2018 Aug, 08",201808
20180809,2018-08-09,FY2019,FY2019 Q1,2018 Aug,"2018 Aug, 09",201808
20180810,2018-08-10,FY2019,FY2019 Q1,2018 Aug,"2018 Aug, 10",201808
20180811,2018-08-11,FY2019,FY2019 Q1,2018 Aug,"2018 Aug, 11",201808
20180812,2018-08-12,FY2019,FY2019 Q1,2018 Aug,"2018 Aug, 12",201808
20180813,2018-08-13,FY2019,FY2019 Q1,2018 Aug,"2018 Aug, 13",201808
20180814,2018-08-14,FY2019,FY2019 Q1,2018 Aug,"2018 Aug, 14",201808
20180815,2018-08-15,FY2019,FY2019 Q1,2018 Aug,"2018 Aug, 15",201808
20180816,2018-08-16,FY2019,FY2019 Q1,2018 Aug,"2018 Aug, 16",201808
20180817,2018-08-17,FY2019,FY2019 Q1,2018 Aug,"2018 Aug, 17",201808
20180818,2018-08-18,FY2019,FY2019 Q1,2018 Aug,"2018 Aug, 18",201808
20180819,2018-08-19,FY2019,FY2019 Q1,2018 Aug,"2018 Aug, 19",201808
20180820,2018-08-20,FY2019,FY2019 Q1,2018 Aug,"2018 Aug, 20",201808
20180821,2018-08-21,FY2019,FY2019 Q1,2018 Aug,"2018 Aug, 21",201808
20180822,2018-08-22,FY2019,FY2019 Q1,2018 Aug,"2018 Aug, 22",201808
20180823,2018-08-23,FY2019,FY2019 Q1,2018 Aug,"2018 Aug, 23",201808
20180824,2018-08-24,FY2019,FY2019 Q1,2018 Aug,"2018 Aug, 24",201808
20180825,2018-08-25,FY2019,FY2019 Q1,2018 Aug,"2018 Aug, 25",201808
20180826,2018-08-26,FY2019,FY2019 Q1,2018 Aug,"2018 Aug, 26",201808
20180827,2018-08-27,FY2019,FY2019 Q1,2018 Aug,"2018 Aug, 27",201808
20180828,2018-08-28,FY2019,FY2019 Q1,2018 Aug,"2018 Aug, 28",201808
20180829,2018-08-29,FY2019,FY2019 Q1,2018 Aug,"2018 Aug, 29",201808
20180830,2018-08-30,FY2019,FY2019 Q1,2018 Aug,"2018 Aug, 30",201808
20180831,2018-08-31,FY2019,FY2019 Q1,2018 Aug,"2018 Aug, 31",201808
20180901,2018-09-01,FY2019,FY2019 Q1,2018 Sep,"2018 Sep, 01",201809
20180902,2018-09-02,FY2019,FY2019 Q1,2018 Sep,"2018 Sep, 02",201809
20180903,2018-09-03,FY2019,FY2019 Q1,2018 Sep,"2018 Sep, 03",201809
20180904,2018-09-04,FY2019,FY2019 Q1,2018 Sep,"2018 Sep, 04",201809
20180905,2018-09-05,FY2019,FY2019 Q1,2018 Sep,"2018 Sep, 05",201809
20180906,2018-09-06,FY2019,FY2019 Q1,2018 Sep,"2018 Sep, 06",201809
20180907,2018-09-07,FY2019,FY2019 Q1,2018 Sep,"2018 Sep, 07",201809
20180908,2018-09-08,FY2019,FY2019 Q1,2018 Sep,"2018 Sep, 08",201809
20180909,2018-09-09,FY2019,FY2019 Q1,2018 Sep,"2018 Sep, 09",201809
20180910,2018-09-10,FY2019,FY2019 Q1,2018 Sep,"2018 Sep, 10",201809
20180911,2018-09-11,FY2019,FY2019 Q1,2018 Sep,"2018 Sep, 11",201809
20180912,2018-09-12,FY2019,FY2019 Q1,2018 Sep,"2018 Sep, 12",201809
20180913,2018-09-13,FY2019,FY2019 Q1,2018 Sep,"2018 Sep, 13",201809
20180914,2018-09-14,FY2019,FY2019 Q1,2018 Sep,"2018 Sep, 14",201809
20180915,2018-09-15,FY2019,FY2019 Q1,2018 Sep,"2018 Sep, 15",201809
20180916,2018-09-16,FY2019,FY2019 Q1,2018 Sep,"2018 Sep, 16",201809
20180917,2018-09-17,FY2019,FY2019 Q1,2018 Sep,"2018 Sep, 17",201809
20180918,2018-09-18,FY2019,FY2019 Q1,2018 Sep,"2018 Sep, 18",201809
20180919,2018-09-19,FY2019,FY2019 Q1,2018 Sep,"2018 Sep, 19",201809
20180920,2018-09-20,FY2019,FY2019 Q1,2018 Sep,"2018 Sep, 20",201809
20180921,2018-09-21,FY2019,FY2019 Q1,2018 Sep,"2018 Sep, 21",201809
20180922,2018-09-22,FY2019,FY2019 Q1,2018 Sep,"2018 Sep, 22",201809
20180923,2018-09-23,FY2019,FY2019 Q1,2018 Sep,"2018 Sep, 23",201809
20180924,2018-09-24,FY2019,FY2019 Q1,2018 Sep,"2018 Sep, 24",201809
20180925,2018-09-25,FY2019,FY2019 Q1,2018 Sep,"2018 Sep, 25",201809
20180926,2018-09-26,FY2019,FY2019 Q1,2018 Sep,"2018 Sep, 26",201809
20180927,2018-09-27,FY2019,FY2019 Q1,2018 Sep,"2018 Sep, 27",201809
20180928,2018-09-28,FY2019,FY2019 Q1,2018 Sep,"2018 Sep, 28",201809
20180929,2018-09-29,FY2019,FY2019 Q1,2018 Sep,"2018 Sep, 29",201809
20180930,2018-09-30,FY2019,FY2019 Q1,2018 Sep,"2018 Sep, 30",201809
20181001,2018-10-01,FY2019,FY2019 Q2,2018 Oct,"2018 Oct, 01",201810
20181002,2018-10-02,FY2019,FY2019 Q2,2018 Oct,"2018 Oct, 02",201810
20181003,2018-10-03,FY2019,FY2019 Q2,2018 Oct,"2018 Oct, 03",201810
20181004,2018-10-04,FY2019,FY2019 Q2,2018 Oct,"2018 Oct, 04",201810
20181005,2018-10-05,FY2019,FY2019 Q2,2018 Oct,"2018 Oct, 05",201810
20181006,2018-10-06,FY2019,FY2019 Q2,2018 Oct,"2018 Oct, 06",201810
20181007,2018-10-07,FY2019,FY2019 Q2,2018 Oct,"2018 Oct, 07",201810
20181008,2018-10-08,FY2019,FY2019 Q2,2018 Oct,"2018 Oct, 08",201810
20181009,2018-10-09,FY2019,FY2019 Q2,2018 Oct,"2018 Oct, 09",201810
20181010,2018-10-10,FY2019,FY2019 Q2,2018 Oct,"2018 Oct, 10",201810
20181011,2018-10-11,FY2019,FY2019 Q2,2018 Oct,"2018 Oct, 11",201810
20181012,2018-10-12,FY2019,FY2019 Q2,2018 Oct,"2018 Oct, 12",201810
20181013,2018-10-13,FY2019,FY2019 Q2,2018 Oct,"2018 Oct, 13",201810
20181014,2018-10-14,FY2019,FY2019 Q2,2018 Oct,"2018 Oct, 14",201810
20181015,2018-10-15,FY2019,FY2019 Q2,2018 Oct,"2018 Oct, 15",201810
20181016,2018-10-16,FY2019,FY2019 Q2,2018 Oct,"2018 Oct, 16",201810
20181017,2018-10-17,FY2019,FY2019 Q2,2018 Oct,"2018 Oct, 17",201810
20181018,2018-10-18,FY2019,FY2019 Q2,2018 Oct,"2018 Oct, 18",201810
20181019,2018-10-19,FY2019,FY2019 Q2,2018 Oct,"2018 Oct, 19",201810
20181020,2018-10-20,FY2019,FY2019 Q2,2018 Oct,"2018 Oct, 20",201810
20181021,2018-10-21,FY2019,FY2019 Q2,2018 Oct,"2018 Oct, 21",201810
20181022,2018-10-22,FY2019,FY2019 Q2,2018 Oct,"2018 Oct, 22",201810
20181023,2018-10-23,FY2019,FY2019 Q2,2018 Oct,"2018 Oct, 23",201810
20181024,2018-10-24,FY2019,FY2019 Q2,2018 Oct,"2018 Oct, 24",201810
20181025,2018-10-25,FY2019,FY2019 Q2,2018 Oct,"2018 Oct, 25",201810
20181026,2018-10-26,FY2019,FY2019 Q2,2018 Oct,"2018 Oct, 26",201810
20181027,2018-10-27,FY2019,FY2019 Q2,2018 Oct,"2018 Oct, 27",201810
20181028,2018-10-28,FY2019,FY2019 Q2,2018 Oct,"2018 Oct, 28",201810
20181029,2018-10-29,FY2019,FY2019 Q2,2018 Oct,"2018 Oct, 29",201810
20181030,2018-10-30,FY2019,FY2019 Q2,2018 Oct,"2018 Oct, 30",201810
20181031,2018-10-31,FY2019,FY2019 Q2,2018 Oct,"2018 Oct, 31",201810
20181101,2018-11-01,FY2019,FY2019 Q2,2018 Nov,"2018 Nov, 01",201811
20181102,2018-11-02,FY2019,FY2019 Q2,2018 Nov,"2018 Nov, 02",201811
20181103,2018-11-03,FY2019,FY2019 Q2,2018 Nov,"2018 Nov, 03",201811
20181104,2018-11-04,FY2019,FY2019 Q2,2018 Nov,"2018 Nov, 04",201811
20181105,2018-11-05,FY2019,FY2019 Q2,2018 Nov,"2018 Nov, 05",201811
20181106,2018-11-06,FY2019,FY2019 Q2,2018 Nov,"2018 Nov, 06",201811
20181107,2018-11-07,FY2019,FY2019 Q2,2018 Nov,"2018 Nov, 07",201811
20181108,2018-11-08,FY2019,FY2019 Q2,2018 Nov,"2018 Nov, 08",201811
20181109,2018-11-09,FY2019,FY2019 Q2,2018 Nov,"2018 Nov, 09",201811
20181110,2018-11-10,FY2019,FY2019 Q2,2018 Nov,"2018 Nov, 10",201811
20181111,2018-11-11,FY2019,FY2019 Q2,2018 Nov,"2018 Nov, 11",201811
20181112,2018-11-12,FY2019,FY2019 Q2,2018 Nov,"2018 Nov, 12",201811
20181113,2018-11-13,FY2019,FY2019 Q2,2018 Nov,"2018 Nov, 13",201811
20181114,2018-11-14,FY2019,FY2019 Q2,2018 Nov,"2018 Nov, 14",201811
20181115,2018-11-15,FY2019,FY2019 Q2,2018 Nov,"2018 Nov, 15",201811
20181116,2018-11-16,FY2019,FY2019 Q2,2018 Nov,"2018 Nov, 16",201811
20181117,2018-11-17,FY2019,FY2019 Q2,2018 Nov,"2018 Nov, 17",201811
20181118,2018-11-18,FY2019,FY2019 Q2,2018 Nov,"2018 Nov, 18",201811
20181119,2018-11-19,FY2019,FY2019 Q2,2018 Nov,"2018 Nov, 19",201811
20181120,2018-11-20,FY2019,FY2019 Q2,2018 Nov,"2018 Nov, 20",201811
20181121,2018-11-21,FY2019,FY2019 Q2,2018 Nov,"2018 Nov, 21",201811
20181122,2018-11-22,FY2019,FY2019 Q2,2018 Nov,"2018 Nov, 22",201811
20181123,2018-11-23,FY2019,FY2019 Q2,2018 Nov,"2018 Nov, 23",201811
20181124,2018-11-24,FY2019,FY2019 Q2,2018 Nov,"2018 Nov, 24",201811
20181125,2018-11-25,FY2019,FY2019 Q2,2018 Nov,"2018 Nov, 25",201811
20181126,2018-11-26,FY2019,FY2019 Q2,2018 Nov,"2018 Nov, 26",201811
20181127,2018-11-27,FY2019,FY2019 Q2,2018 Nov,"2018 Nov, 27",201811
20181128,2018-11-28,FY2019,FY2019 Q2,2018 Nov,"2018 Nov, 28",201811
20181129,2018-11-29,FY2019,FY2019 Q2,2018 Nov,"2018 Nov, 29",201811
20181130,2018-11-30,FY2019,FY2019 Q2,2018 Nov,"2018 Nov, 30",201811
20181201,2018-12-01,FY2019,FY2019 Q2,2018 Dec,"2018 Dec, 01",201812
20181202,2018-12-02,FY2019,FY2019 Q2,2018 Dec,"2018 Dec, 02",201812
20181203,2018-12-03,FY2019,FY2019 Q2,2018 Dec,"2018 Dec, 03",201812
20181204,2018-12-04,FY2019,FY2019 Q2,2018 Dec,"2018 Dec, 04",201812
20181205,2018-12-05,FY2019,FY2019 Q2,2018 Dec,"2018 Dec, 05",201812
20181206,2018-12-06,FY2019,FY2019 Q2,2018 Dec,"2018 Dec, 06",201812
20181207,2018-12-07,FY2019,FY2019 Q2,2018 Dec,"2018 Dec, 07",201812
20181208,2018-12-08,FY2019,FY2019 Q2,2018 Dec,"2018 Dec, 08",201812
20181209,2018-12-09,FY2019,FY2019 Q2,2018 Dec,"2018 Dec, 09",201812
20181210,2018-12-10,FY2019,FY2019 Q2,2018 Dec,"2018 Dec, 10",201812
20181211,2018-12-11,FY2019,FY2019 Q2,2018 Dec,"2018 Dec, 11",201812
20181212,2018-12-12,FY2019,FY2019 Q2,2018 Dec,"2018 Dec, 12",201812
20181213,2018-12-13,FY2019,FY2019 Q2,2018 Dec,"2018 Dec, 13",201812
20181214,2018-12-14,FY2019,FY2019 Q2,2018 Dec,"2018 Dec, 14",201812
20181215,2018-12-15,FY2019,FY2019 Q2,2018 Dec,"2018 Dec, 15",201812
20181216,2018-12-16,FY2019,FY2019 Q2,2018 Dec,"2018 Dec, 16",201812
20181217,2018-12-17,FY2019,FY2019 Q2,2018 Dec,"2018 Dec, 17",201812
20181218,2018-12-18,FY2019,FY2019 Q2,2018 Dec,"2018 Dec, 18",201812
20181219,2018-12-19,FY2019,FY2019 Q2,2018 Dec,"2018 Dec, 19",201812
20181220,2018-12-20,FY2019,FY2019 Q2,2018 Dec,"2018 Dec, 20",201812
20181221,2018-12-21,FY2019,FY2019 Q2,2018 Dec,"2018 Dec, 21",201812
20181222,2018-12-22,FY2019,FY2019 Q2,2018 Dec,"2018 Dec, 22",201812
20181223,2018-12-23,FY2019,FY2019 Q2,2018 Dec,"2018 Dec, 23",201812
20181224,2018-12-24,FY2019,FY2019 Q2,2018 Dec,"2018 Dec, 24",201812
20181225,2018-12-25,FY2019,FY2019 Q2,2018 Dec,"2018 Dec, 25",201812
20181226,2018-12-26,FY2019,FY2019 Q2,2018 Dec,"2018 Dec, 26",201812
20181227,2018-12-27,FY2019,FY2019 Q2,2018 Dec,"2018 Dec, 27",201812
20181228,2018-12-28,FY2019,FY2019 Q2,2018 Dec,"2018 Dec, 28",201812
20181229,2018-12-29,FY2019,FY2019 Q2,2018 Dec,"2018 Dec, 29",201812
20181230,2018-12-30,FY2019,FY2019 Q2,2018 Dec,"2018 Dec, 30",201812
20181231,2018-12-31,FY2019,FY2019 Q2,2018 Dec,"2018 Dec, 31",201812
20190101,2019-01-01,FY2019,FY2019 Q3,2019 Jan,"2019 Jan, 01",201901
20190102,2019-01-02,FY2019,FY2019 Q3,2019 Jan,"2019 Jan, 02",201901
20190103,2019-01-03,FY2019,FY2019 Q3,2019 Jan,"2019 Jan, 03",201901
20190104,2019-01-04,FY2019,FY2019 Q3,2019 Jan,"2019 Jan, 04",201901
20190105,2019-01-05,FY2019,FY2019 Q3,2019 Jan,"2019 Jan, 05",201901
20190106,2019-01-06,FY2019,FY2019 Q3,2019 Jan,"2019 Jan, 06",201901
20190107,2019-01-07,FY2019,FY2019 Q3,2019 Jan,"2019 Jan, 07",201901
20190108,2019-01-08,FY2019,FY2019 Q3,2019 Jan,"2019 Jan, 08",201901
20190109,2019-01-09,FY2019,FY2019 Q3,2019 Jan,"2019 Jan, 09",201901
20190110,2019-01-10,FY2019,FY2019 Q3,2019 Jan,"2019 Jan, 10",201901
20190111,2019-01-11,FY2019,FY2019 Q3,2019 Jan,"2019 Jan, 11",201901
20190112,2019-01-12,FY2019,FY2019 Q3,2019 Jan,"2019 Jan, 12",201901
20190113,2019-01-13,FY2019,FY2019 Q3,2019 Jan,"2019 Jan, 13",201901
20190114,2019-01-14,FY2019,FY2019 Q3,2019 Jan,"2019 Jan, 14",201901
20190115,2019-01-15,FY2019,FY2019 Q3,2019 Jan,"2019 Jan, 15",201901
20190116,2019-01-16,FY2019,FY2019 Q3,2019 Jan,"2019 Jan, 16",201901
20190117,2019-01-17,FY2019,FY2019 Q3,2019 Jan,"2019 Jan, 17",201901
20190118,2019-01-18,FY2019,FY2019 Q3,2019 Jan,"2019 Jan, 18",201901
20190119,2019-01-19,FY2019,FY2019 Q3,2019 Jan,"2019 Jan, 19",201901
20190120,2019-01-20,FY2019,FY2019 Q3,2019 Jan,"2019 Jan, 20",201901
20190121,2019-01-21,FY2019,FY2019 Q3,2019 Jan,"2019 Jan, 21",201901
20190122,2019-01-22,FY2019,FY2019 Q3,2019 Jan,"2019 Jan, 22",201901
20190123,2019-01-23,FY2019,FY2019 Q3,2019 Jan,"2019 Jan, 23",201901
20190124,2019-01-24,FY2019,FY2019 Q3,2019 Jan,"2019 Jan, 24",201901
20190125,2019-01-25,FY2019,FY2019 Q3,2019 Jan,"2019 Jan, 25",201901
20190126,2019-01-26,FY2019,FY2019 Q3,2019 Jan,"2019 Jan, 26",201901
20190127,2019-01-27,FY2019,FY2019 Q3,2019 Jan,"2019 Jan, 27",201901
20190128,2019-01-28,FY2019,FY2019 Q3,2019 Jan,"2019 Jan, 28",201901
20190129,2019-01-29,FY2019,FY2019 Q3,2019 Jan,"2019 Jan, 29",201901
20190130,2019-01-30,FY2019,FY2019 Q3,2019 Jan,"2019 Jan, 30",201901
20190131,2019-01-31,FY2019,FY2019 Q3,2019 Jan,"2019 Jan, 31",201901
20190201,2019-02-01,FY2019,FY2019 Q3,2019 Feb,"2019 Feb, 01",201902
20190202,2019-02-02,FY2019,FY2019 Q3,2019 Feb,"2019 Feb, 02",201902
20190203,2019-02-03,FY2019,FY2019 Q3,2019 Feb,"2019 Feb, 03",201902
20190204,2019-02-04,FY2019,FY2019 Q3,2019 Feb,"2019 Feb, 04",201902
20190205,2019-02-05,FY2019,FY2019 Q3,2019 Feb,"2019 Feb, 05",201902
20190206,2019-02-06,FY2019,FY2019 Q3,2019 Feb,"2019 Feb, 06",201902
20190207,2019-02-07,FY2019,FY2019 Q3,2019 Feb,"2019 Feb, 07",201902
20190208,2019-02-08,FY2019,FY2019 Q3,2019 Feb,"2019 Feb, 08",201902
20190209,2019-02-09,FY2019,FY2019 Q3,2019 Feb,"2019 Feb, 09",201902
20190210,2019-02-10,FY2019,FY2019 Q3,2019 Feb,"2019 Feb, 10",201902
20190211,2019-02-11,FY2019,FY2019 Q3,2019 Feb,"2019 Feb, 11",201902
20190212,2019-02-12,FY2019,FY2019 Q3,2019 Feb,"2019 Feb, 12",201902
20190213,2019-02-13,FY2019,FY2019 Q3,2019 Feb,"2019 Feb, 13",201902
20190214,2019-02-14,FY2019,FY2019 Q3,2019 Feb,"2019 Feb, 14",201902
20190215,2019-02-15,FY2019,FY2019 Q3,2019 Feb,"2019 Feb, 15",201902
20190216,2019-02-16,FY2019,FY2019 Q3,2019 Feb,"2019 Feb, 16",201902
20190217,2019-02-17,FY2019,FY2019 Q3,2019 Feb,"2019 Feb, 17",201902
20190218,2019-02-18,FY2019,FY2019 Q3,2019 Feb,"2019 Feb, 18",201902
20190219,2019-02-19,FY2019,FY2019 Q3,2019 Feb,"2019 Feb, 19",201902
20190220,2019-02-20,FY2019,FY2019 Q3,2019 Feb,"2019 Feb, 20",201902
20190221,2019-02-21,FY2019,FY2019 Q3,2019 Feb,"2019 Feb, 21",201902
20190222,2019-02-22,FY2019,FY2019 Q3,2019 Feb,"2019 Feb, 22",201902
20190223,2019-02-23,FY2019,FY2019 Q3,2019 Feb,"2019 Feb, 23",201902
20190224,2019-02-24,FY2019,FY2019 Q3,2019 Feb,"2019 Feb, 24",201902
20190225,2019-02-25,FY2019,FY2019 Q3,2019 Feb,"2019 Feb, 25",201902
20190226,2019-02-26,FY2019,FY2019 Q3,2019 Feb,"2019 Feb, 26",201902
20190227,2019-02-27,FY2019,FY2019 Q3,2019 Feb,"2019 Feb, 27",201902
20190228,2019-02-28,FY2019,FY2019 Q3,2019 Feb,"2019 Feb, 28",201902
20190301,2019-03-01,FY2019,FY2019 Q3,2019 Mar,"2019 Mar, 01",201903
20190302,2019-03-02,FY2019,FY2019 Q3,2019 Mar,"2019 Mar, 02",201903
20190303,2019-03-03,FY2019,FY2019 Q3,2019 Mar,"2019 Mar, 03",201903
20190304,2019-03-04,FY2019,FY2019 Q3,2019 Mar,"2019 Mar, 04",201903
20190305,2019-03-05,FY2019,FY2019 Q3,2019 Mar,"2019 Mar, 05",201903
20190306,2019-03-06,FY2019,FY2019 Q3,2019 Mar,"2019 Mar, 06",201903
20190307,2019-03-07,FY2019,FY2019 Q3,2019 Mar,"2019 Mar, 07",201903
20190308,2019-03-08,FY2019,FY2019 Q3,2019 Mar,"2019 Mar, 08",201903
20190309,2019-03-09,FY2019,FY2019 Q3,2019 Mar,"2019 Mar, 09",201903
20190310,2019-03-10,FY2019,FY2019 Q3,2019 Mar,"2019 Mar, 10",201903
20190311,2019-03-11,FY2019,FY2019 Q3,2019 Mar,"2019 Mar, 11",201903
20190312,2019-03-12,FY2019,FY2019 Q3,2019 Mar,"2019 Mar, 12",201903
20190313,2019-03-13,FY2019,FY2019 Q3,2019 Mar,"2019 Mar, 13",201903
20190314,2019-03-14,FY2019,FY2019 Q3,2019 Mar,"2019 Mar, 14",201903
20190315,2019-03-15,FY2019,FY2019 Q3,2019 Mar,"2019 Mar, 15",201903
20190316,2019-03-16,FY2019,FY2019 Q3,2019 Mar,"2019 Mar, 16",201903
20190317,2019-03-17,FY2019,FY2019 Q3,2019 Mar,"2019 Mar, 17",201903
20190318,2019-03-18,FY2019,FY2019 Q3,2019 Mar,"2019 Mar, 18",201903
20190319,2019-03-19,FY2019,FY2019 Q3,2019 Mar,"2019 Mar, 19",201903
20190320,2019-03-20,FY2019,FY2019 Q3,2019 Mar,"2019 Mar, 20",201903
20190321,2019-03-21,FY2019,FY2019 Q3,2019 Mar,"2019 Mar, 21",201903
20190322,2019-03-22,FY2019,FY2019 Q3,2019 Mar,"2019 Mar, 22",201903
20190323,2019-03-23,FY2019,FY2019 Q3,2019 Mar,"2019 Mar, 23",201903
20190324,2019-03-24,FY2019,FY2019 Q3,2019 Mar,"2019 Mar, 24",201903
20190325,2019-03-25,FY2019,FY2019 Q3,2019 Mar,"2019 Mar, 25",201903
20190326,2019-03-26,FY2019,FY2019 Q3,2019 Mar,"2019 Mar, 26",201903
20190327,2019-03-27,FY2019,FY2019 Q3,2019 Mar,"2019 Mar, 27",201903
20190328,2019-03-28,FY2019,FY2019 Q3,2019 Mar,"2019 Mar, 28",201903
20190329,2019-03-29,FY2019,FY2019 Q3,2019 Mar,"2019 Mar, 29",201903
20190330,2019-03-30,FY2019,FY2019 Q3,2019 Mar,"2019 Mar, 30",201903
20190331,2019-03-31,FY2019,FY2019 Q3,2019 Mar,"2019 Mar, 31",201903
20190401,2019-04-01,FY2019,FY2019 Q4,2019 Apr,"2019 Apr, 01",201904
20190402,2019-04-02,FY2019,FY2019 Q4,2019 Apr,"2019 Apr, 02",201904
20190403,2019-04-03,FY2019,FY2019 Q4,2019 Apr,"2019 Apr, 03",201904
20190404,2019-04-04,FY2019,FY2019 Q4,2019 Apr,"2019 Apr, 04",201904
20190405,2019-04-05,FY2019,FY2019 Q4,2019 Apr,"2019 Apr, 05",201904
20190406,2019-04-06,FY2019,FY2019 Q4,2019 Apr,"2019 Apr, 06",201904
20190407,2019-04-07,FY2019,FY2019 Q4,2019 Apr,"2019 Apr, 07",201904
20190408,2019-04-08,FY2019,FY2019 Q4,2019 Apr,"2019 Apr, 08",201904
20190409,2019-04-09,FY2019,FY2019 Q4,2019 Apr,"2019 Apr, 09",201904
20190410,2019-04-10,FY2019,FY2019 Q4,2019 Apr,"2019 Apr, 10",201904
20190411,2019-04-11,FY2019,FY2019 Q4,2019 Apr,"2019 Apr, 11",201904
20190412,2019-04-12,FY2019,FY2019 Q4,2019 Apr,"2019 Apr, 12",201904
20190413,2019-04-13,FY2019,FY2019 Q4,2019 Apr,"2019 Apr, 13",201904
20190414,2019-04-14,FY2019,FY2019 Q4,2019 Apr,"2019 Apr, 14",201904
20190415,2019-04-15,FY2019,FY2019 Q4,2019 Apr,"2019 Apr, 15",201904
20190416,2019-04-16,FY2019,FY2019 Q4,2019 Apr,"2019 Apr, 16",201904
20190417,2019-04-17,FY2019,FY2019 Q4,2019 Apr,"2019 Apr, 17",201904
20190418,2019-04-18,FY2019,FY2019 Q4,2019 Apr,"2019 Apr, 18",201904
20190419,2019-04-19,FY2019,FY2019 Q4,2019 Apr,"2019 Apr, 19",201904
20190420,2019-04-20,FY2019,FY2019 Q4,2019 Apr,"2019 Apr, 20",201904
20190421,2019-04-21,FY2019,FY2019 Q4,2019 Apr,"2019 Apr, 21",201904
20190422,2019-04-22,FY2019,FY2019 Q4,2019 Apr,"2019 Apr, 22",201904
20190423,2019-04-23,FY2019,FY2019 Q4,2019 Apr,"2019 Apr, 23",201904
20190424,2019-04-24,FY2019,FY2019 Q4,2019 Apr,"2019 Apr, 24",201904
20190425,2019-04-25,FY2019,FY2019 Q4,2019 Apr,"2019 Apr, 25",201904
20190426,2019-04-26,FY2019,FY2019 Q4,2019 Apr,"2019 Apr, 26",201904
20190427,2019-04-27,FY2019,FY2019 Q4,2019 Apr,"2019 Apr, 27",201904
20190428,2019-04-28,FY2019,FY2019 Q4,2019 Apr,"2019 Apr, 28",201904
20190429,2019-04-29,FY2019,FY2019 Q4,2019 Apr,"2019 Apr, 29",201904
20190430,2019-04-30,FY2019,FY2019 Q4,2019 Apr,"2019 Apr, 30",201904
20190501,2019-05-01,FY2019,FY2019 Q4,2019 May,"2019 May, 01",201905
20190502,2019-05-02,FY2019,FY2019 Q4,2019 May,"2019 May, 02",201905
20190503,2019-05-03,FY2019,FY2019 Q4,2019 May,"2019 May, 03",201905
20190504,2019-05-04,FY2019,FY2019 Q4,2019 May,"2019 May, 04",201905
20190505,2019-05-05,FY2019,FY2019 Q4,2019 May,"2019 May, 05",201905
20190506,2019-05-06,FY2019,FY2019 Q4,2019 May,"2019 May, 06",201905
20190507,2019-05-07,FY2019,FY2019 Q4,2019 May,"2019 May, 07",201905
20190508,2019-05-08,FY2019,FY2019 Q4,2019 May,"2019 May, 08",201905
20190509,2019-05-09,FY2019,FY2019 Q4,2019 May,"2019 May, 09",201905
20190510,2019-05-10,FY2019,FY2019 Q4,2019 May,"2019 May, 10",201905
20190511,2019-05-11,FY2019,FY2019 Q4,2019 May,"2019 May, 11",201905
20190512,2019-05-12,FY2019,FY2019 Q4,2019 May,"2019 May, 12",201905
20190513,2019-05-13,FY2019,FY2019 Q4,2019 May,"2019 May, 13",201905
20190514,2019-05-14,FY2019,FY2019 Q4,2019 May,"2019 May, 14",201905
20190515,2019-05-15,FY2019,FY2019 Q4,2019 May,"2019 May, 15",201905
20190516,2019-05-16,FY2019,FY2019 Q4,2019 May,"2019 May, 16",201905
20190517,2019-05-17,FY2019,FY2019 Q4,2019 May,"2019 May, 17",201905
20190518,2019-05-18,FY2019,FY2019 Q4,2019 May,"2019 May, 18",201905
20190519,2019-05-19,FY2019,FY2019 Q4,2019 May,"2019 May, 19",201905
20190520,2019-05-20,FY2019,FY2019 Q4,2019 May,"2019 May, 20",201905
20190521,2019-05-21,FY2019,FY2019 Q4,2019 May,"2019 May, 21",201905
20190522,2019-05-22,FY2019,FY2019 Q4,2019 May,"2019 May, 22",201905
20190523,2019-05-23,FY2019,FY2019 Q4,2019 May,"2019 May, 23",201905
20190524,2019-05-24,FY2019,FY2019 Q4,2019 May,"2019 May, 24",201905
20190525,2019-05-25,FY2019,FY2019 Q4,2019 May,"2019 May, 25",201905
20190526,2019-05-26,FY2019,FY2019 Q4,2019 May,"2019 May, 26",201905
20190527,2019-05-27,FY2019,FY2019 Q4,2019 May,"2019 May, 27",201905
20190528,2019-05-28,FY2019,FY2019 Q4,2019 May,"2019 May, 28",201905
20190529,2019-05-29,FY2019,FY2019 Q4,2019 May,"2019 May, 29",201905
20190530,2019-05-30,FY2019,FY2019 Q4,2019 May,"2019 May, 30",201905
20190531,2019-05-31,FY2019,FY2019 Q4,2019 May,"2019 May, 31",201905
20190601,2019-06-01,FY2019,FY2019 Q4,2019 Jun,"2019 Jun, 01",201906
20190602,2019-06-02,FY2019,FY2019 Q4,2019 Jun,"2019 Jun, 02",201906
20190603,2019-06-03,FY2019,FY2019 Q4,2019 Jun,"2019 Jun, 03",201906
20190604,2019-06-04,FY2019,FY2019 Q4,2019 Jun,"2019 Jun, 04",201906
20190605,2019-06-05,FY2019,FY2019 Q4,2019 Jun,"2019 Jun, 05",201906
20190606,2019-06-06,FY2019,FY2019 Q4,2019 Jun,"2019 Jun, 06",201906
20190607,2019-06-07,FY2019,FY2019 Q4,2019 Jun,"2019 Jun, 07",201906
20190608,2019-06-08,FY2019,FY2019 Q4,2019 Jun,"2019 Jun, 08",201906
20190609,2019-06-09,FY2019,FY2019 Q4,2019 Jun,"2019 Jun, 09",201906
20190610,2019-06-10,FY2019,FY2019 Q4,2019 Jun,"2019 Jun, 10",201906
20190611,2019-06-11,FY2019,FY2019 Q4,2019 Jun,"2019 Jun, 11",201906
20190612,2019-06-12,FY2019,FY2019 Q4,2019 Jun,"2019 Jun, 12",201906
20190613,2019-06-13,FY2019,FY2019 Q4,2019 Jun,"2019 Jun, 13",201906
20190614,2019-06-14,FY2019,FY2019 Q4,2019 Jun,"2019 Jun, 14",201906
20190615,2019-06-15,FY2019,FY2019 Q4,2019 Jun,"2019 Jun, 15",201906
20190616,2019-06-16,FY2019,FY2019 Q4,2019 Jun,"2019 Jun, 16",201906
20190617,2019-06-17,FY2019,FY2019 Q4,2019 Jun,"2019 Jun, 17",201906
20190618,2019-06-18,FY2019,FY2019 Q4,2019 Jun,"2019 Jun, 18",201906
20190619,2019-06-19,FY2019,FY2019 Q4,2019 Jun,"2019 Jun, 19",201906
20190620,2019-06-20,FY2019,FY2019 Q4,2019 Jun,"2019 Jun, 20",201906
20190621,2019-06-21,FY2019,FY2019 Q4,2019 Jun,"2019 Jun, 21",201906
20190622,2019-06-22,FY2019,FY2019 Q4,2019 Jun,"2019 Jun, 22",201906
20190623,2019-06-23,FY2019,FY2019 Q4,2019 Jun,"2019 Jun, 23",201906
20190624,2019-06-24,FY2019,FY2019 Q4,2019 Jun,"2019 Jun, 24",201906
20190625,2019-06-25,FY2019,FY2019 Q4,2019 Jun,"2019 Jun, 25",201906
20190626,2019-06-26,FY2019,FY2019 Q4,2019 Jun,"2019 Jun, 26",201906
20190627,2019-06-27,FY2019,FY2019 Q4,2019 Jun,"2019 Jun, 27",201906
20190628,2019-06-28,FY2019,FY2019 Q4,2019 Jun,"2019 Jun, 28",201906
20190629,2019-06-29,FY2019,FY2019 Q4,2019 Jun,"2019 Jun, 29",201906
20190630,2019-06-30,FY2019,FY2019 Q4,2019 Jun,"2019 Jun, 30",201906
20190701,2019-07-01,FY2020,FY2020 Q1,2019 Jul,"2019 Jul, 01",201907
20190702,2019-07-02,FY2020,FY2020 Q1,2019 Jul,"2019 Jul, 02",201907
20190703,2019-07-03,FY2020,FY2020 Q1,2019 Jul,"2019 Jul, 03",201907
20190704,2019-07-04,FY2020,FY2020 Q1,2019 Jul,"2019 Jul, 04",201907
20190705,2019-07-05,FY2020,FY2020 Q1,2019 Jul,"2019 Jul, 05",201907
20190706,2019-07-06,FY2020,FY2020 Q1,2019 Jul,"2019 Jul, 06",201907
20190707,2019-07-07,FY2020,FY2020 Q1,2019 Jul,"2019 Jul, 07",201907
20190708,2019-07-08,FY2020,FY2020 Q1,2019 Jul,"2019 Jul, 08",201907
20190709,2019-07-09,FY2020,FY2020 Q1,2019 Jul,"2019 Jul, 09",201907
20190710,2019-07-10,FY2020,FY2020 Q1,2019 Jul,"2019 Jul, 10",201907
20190711,2019-07-11,FY2020,FY2020 Q1,2019 Jul,"2019 Jul, 11",201907
20190712,2019-07-12,FY2020,FY2020 Q1,2019 Jul,"2019 Jul, 12",201907
20190713,2019-07-13,FY2020,FY2020 Q1,2019 Jul,"2019 Jul, 13",201907
20190714,2019-07-14,FY2020,FY2020 Q1,2019 Jul,"2019 Jul, 14",201907
20190715,2019-07-15,FY2020,FY2020 Q1,2019 Jul,"2019 Jul, 15",201907
20190716,2019-07-16,FY2020,FY2020 Q1,2019 Jul,"2019 Jul, 16",201907
20190717,2019-07-17,FY2020,FY2020 Q1,2019 Jul,"2019 Jul, 17",201907
20190718,2019-07-18,FY2020,FY2020 Q1,2019 Jul,"2019 Jul, 18",201907
20190719,2019-07-19,FY2020,FY2020 Q1,2019 Jul,"2019 Jul, 19",201907
20190720,2019-07-20,FY2020,FY2020 Q1,2019 Jul,"2019 Jul, 20",201907
20190721,2019-07-21,FY2020,FY2020 Q1,2019 Jul,"2019 Jul, 21",201907
20190722,2019-07-22,FY2020,FY2020 Q1,2019 Jul,"2019 Jul, 22",201907
20190723,2019-07-23,FY2020,FY2020 Q1,2019 Jul,"2019 Jul, 23",201907
20190724,2019-07-24,FY2020,FY2020 Q1,2019 Jul,"2019 Jul, 24",201907
20190725,2019-07-25,FY2020,FY2020 Q1,2019 Jul,"2019 Jul, 25",201907
20190726,2019-07-26,FY2020,FY2020 Q1,2019 Jul,"2019 Jul, 26",201907
20190727,2019-07-27,FY2020,FY2020 Q1,2019 Jul,"2019 Jul, 27",201907
20190728,2019-07-28,FY2020,FY2020 Q1,2019 Jul,"2019 Jul, 28",201907
20190729,2019-07-29,FY2020,FY2020 Q1,2019 Jul,"2019 Jul, 29",201907
20190730,2019-07-30,FY2020,FY2020 Q1,2019 Jul,"2019 Jul, 30",201907
20190731,2019-07-31,FY2020,FY2020 Q1,2019 Jul,"2019 Jul, 31",201907
20190801,2019-08-01,FY2020,FY2020 Q1,2019 Aug,"2019 Aug, 01",201908
20190802,2019-08-02,FY2020,FY2020 Q1,2019 Aug,"2019 Aug, 02",201908
20190803,2019-08-03,FY2020,FY2020 Q1,2019 Aug,"2019 Aug, 03",201908
20190804,2019-08-04,FY2020,FY2020 Q1,2019 Aug,"2019 Aug, 04",201908
20190805,2019-08-05,FY2020,FY2020 Q1,2019 Aug,"2019 Aug, 05",201908
20190806,2019-08-06,FY2020,FY2020 Q1,2019 Aug,"2019 Aug, 06",201908
20190807,2019-08-07,FY2020,FY2020 Q1,2019 Aug,"2019 Aug, 07",201908
20190808,2019-08-08,FY2020,FY2020 Q1,2019 Aug,"2019 Aug, 08",201908
20190809,2019-08-09,FY2020,FY2020 Q1,2019 Aug,"2019 Aug, 09",201908
20190810,2019-08-10,FY2020,FY2020 Q1,2019 Aug,"2019 Aug, 10",201908
20190811,2019-08-11,FY2020,FY2020 Q1,2019 Aug,"2019 Aug, 11",201908
20190812,2019-08-12,FY2020,FY2020 Q1,2019 Aug,"2019 Aug, 12",201908
20190813,2019-08-13,FY2020,FY2020 Q1,2019 Aug,"2019 Aug, 13",201908
20190814,2019-08-14,FY2020,FY2020 Q1,2019 Aug,"2019 Aug, 14",201908
20190815,2019-08-15,FY2020,FY2020 Q1,2019 Aug,"2019 Aug, 15",201908
20190816,2019-08-16,FY2020,FY2020 Q1,2019 Aug,"2019 Aug, 16",201908
20190817,2019-08-17,FY2020,FY2020 Q1,2019 Aug,"2019 Aug, 17",201908
20190818,2019-08-18,FY2020,FY2020 Q1,2019 Aug,"2019 Aug, 18",201908
20190819,2019-08-19,FY2020,FY2020 Q1,2019 Aug,"2019 Aug, 19",201908
20190820,2019-08-20,FY2020,FY2020 Q1,2019 Aug,"2019 Aug, 20",201908
20190821,2019-08-21,FY2020,FY2020 Q1,2019 Aug,"2019 Aug, 21",201908
20190822,2019-08-22,FY2020,FY2020 Q1,2019 Aug,"2019 Aug, 22",201908
20190823,2019-08-23,FY2020,FY2020 Q1,2019 Aug,"2019 Aug, 23",201908
20190824,2019-08-24,FY2020,FY2020 Q1,2019 Aug,"2019 Aug, 24",201908
20190825,2019-08-25,FY2020,FY2020 Q1,2019 Aug,"2019 Aug, 25",201908
20190826,2019-08-26,FY2020,FY2020 Q1,2019 Aug,"2019 Aug, 26",201908
20190827,2019-08-27,FY2020,FY2020 Q1,2019 Aug,"2019 Aug, 27",201908
20190828,2019-08-28,FY2020,FY2020 Q1,2019 Aug,"2019 Aug, 28",201908
20190829,2019-08-29,FY2020,FY2020 Q1,2019 Aug,"2019 Aug, 29",201908
20190830,2019-08-30,FY2020,FY2020 Q1,2019 Aug,"2019 Aug, 30",201908
20190831,2019-08-31,FY2020,FY2020 Q1,2019 Aug,"2019 Aug, 31",201908
20190901,2019-09-01,FY2020,FY2020 Q1,2019 Sep,"2019 Sep, 01",201909
20190902,2019-09-02,FY2020,FY2020 Q1,2019 Sep,"2019 Sep, 02",201909
20190903,2019-09-03,FY2020,FY2020 Q1,2019 Sep,"2019 Sep, 03",201909
20190904,2019-09-04,FY2020,FY2020 Q1,2019 Sep,"2019 Sep, 04",201909
20190905,2019-09-05,FY2020,FY2020 Q1,2019 Sep,"2019 Sep, 05",201909
20190906,2019-09-06,FY2020,FY2020 Q1,2019 Sep,"2019 Sep, 06",201909
20190907,2019-09-07,FY2020,FY2020 Q1,2019 Sep,"2019 Sep, 07",201909
20190908,2019-09-08,FY2020,FY2020 Q1,2019 Sep,"2019 Sep, 08",201909
20190909,2019-09-09,FY2020,FY2020 Q1,2019 Sep,"2019 Sep, 09",201909
20190910,2019-09-10,FY2020,FY2020 Q1,2019 Sep,"2019 Sep, 10",201909
20190911,2019-09-11,FY2020,FY2020 Q1,2019 Sep,"2019 Sep, 11",201909
20190912,2019-09-12,FY2020,FY2020 Q1,2019 Sep,"2019 Sep, 12",201909
20190913,2019-09-13,FY2020,FY2020 Q1,2019 Sep,"2019 Sep, 13",201909
20190914,2019-09-14,FY2020,FY2020 Q1,2019 Sep,"2019 Sep, 14",201909
20190915,2019-09-15,FY2020,FY2020 Q1,2019 Sep,"2019 Sep, 15",201909
20190916,2019-09-16,FY2020,FY2020 Q1,2019 Sep,"2019 Sep, 16",201909
20190917,2019-09-17,FY2020,FY2020 Q1,2019 Sep,"2019 Sep, 17",201909
20190918,2019-09-18,FY2020,FY2020 Q1,2019 Sep,"2019 Sep, 18",201909
20190919,2019-09-19,FY2020,FY2020 Q1,2019 Sep,"2019 Sep, 19",201909
20190920,2019-09-20,FY2020,FY2020 Q1,2019 Sep,"2019 Sep, 20",201909
20190921,2019-09-21,FY2020,FY2020 Q1,2019 Sep,"2019 Sep, 21",201909
20190922,2019-09-22,FY2020,FY2020 Q1,2019 Sep,"2019 Sep, 22",201909
20190923,2019-09-23,FY2020,FY2020 Q1,2019 Sep,"2019 Sep, 23",201909
20190924,2019-09-24,FY2020,FY2020 Q1,2019 Sep,"2019 Sep, 24",201909
20190925,2019-09-25,FY2020,FY2020 Q1,2019 Sep,"2019 Sep, 25",201909
20190926,2019-09-26,FY2020,FY2020 Q1,2019 Sep,"2019 Sep, 26",201909
20190927,2019-09-27,FY2020,FY2020 Q1,2019 Sep,"2019 Sep, 27",201909
20190928,2019-09-28,FY2020,FY2020 Q1,2019 Sep,"2019 Sep, 28",201909
20190929,2019-09-29,FY2020,FY2020 Q1,2019 Sep,"2019 Sep, 29",201909
20190930,2019-09-30,FY2020,FY2020 Q1,2019 Sep,"2019 Sep, 30",201909
20191001,2019-10-01,FY2020,FY2020 Q2,2019 Oct,"2019 Oct, 01",201910
20191002,2019-10-02,FY2020,FY2020 Q2,2019 Oct,"2019 Oct, 02",201910
20191003,2019-10-03,FY2020,FY2020 Q2,2019 Oct,"2019 Oct, 03",201910
20191004,2019-10-04,FY2020,FY2020 Q2,2019 Oct,"2019 Oct, 04",201910
20191005,2019-10-05,FY2020,FY2020 Q2,2019 Oct,"2019 Oct, 05",201910
20191006,2019-10-06,FY2020,FY2020 Q2,2019 Oct,"2019 Oct, 06",201910
20191007,2019-10-07,FY2020,FY2020 Q2,2019 Oct,"2019 Oct, 07",201910
20191008,2019-10-08,FY2020,FY2020 Q2,2019 Oct,"2019 Oct, 08",201910
20191009,2019-10-09,FY2020,FY2020 Q2,2019 Oct,"2019 Oct, 09",201910
20191010,2019-10-10,FY2020,FY2020 Q2,2019 Oct,"2019 Oct, 10",201910
20191011,2019-10-11,FY2020,FY2020 Q2,2019 Oct,"2019 Oct, 11",201910
20191012,2019-10-12,FY2020,FY2020 Q2,2019 Oct,"2019 Oct, 12",201910
20191013,2019-10-13,FY2020,FY2020 Q2,2019 Oct,"2019 Oct, 13",201910
20191014,2019-10-14,FY2020,FY2020 Q2,2019 Oct,"2019 Oct, 14",201910
20191015,2019-10-15,FY2020,FY2020 Q2,2019 Oct,"2019 Oct, 15",201910
20191016,2019-10-16,FY2020,FY2020 Q2,2019 Oct,"2019 Oct, 16",201910
20191017,2019-10-17,FY2020,FY2020 Q2,2019 Oct,"2019 Oct, 17",201910
20191018,2019-10-18,FY2020,FY2020 Q2,2019 Oct,"2019 Oct, 18",201910
20191019,2019-10-19,FY2020,FY2020 Q2,2019 Oct,"2019 Oct, 19",201910
20191020,2019-10-20,FY2020,FY2020 Q2,2019 Oct,"2019 Oct, 20",201910
20191021,2019-10-21,FY2020,FY2020 Q2,2019 Oct,"2019 Oct, 21",201910
20191022,2019-10-22,FY2020,FY2020 Q2,2019 Oct,"2019 Oct, 22",201910
20191023,2019-10-23,FY2020,FY2020 Q2,2019 Oct,"2019 Oct, 23",201910
20191024,2019-10-24,FY2020,FY2020 Q2,2019 Oct,"2019 Oct, 24",201910
20191025,2019-10-25,FY2020,FY2020 Q2,2019 Oct,"2019 Oct, 25",201910
20191026,2019-10-26,FY2020,FY2020 Q2,2019 Oct,"2019 Oct, 26",201910
20191027,2019-10-27,FY2020,FY2020 Q2,2019 Oct,"2019 Oct, 27",201910
20191028,2019-10-28,FY2020,FY2020 Q2,2019 Oct,"2019 Oct, 28",201910
20191029,2019-10-29,FY2020,FY2020 Q2,2019 Oct,"2019 Oct, 29",201910
20191030,2019-10-30,FY2020,FY2020 Q2,2019 Oct,"2019 Oct, 30",201910
20191031,2019-10-31,FY2020,FY2020 Q2,2019 Oct,"2019 Oct, 31",201910
20191101,2019-11-01,FY2020,FY2020 Q2,2019 Nov,"2019 Nov, 01",201911
20191102,2019-11-02,FY2020,FY2020 Q2,2019 Nov,"2019 Nov, 02",201911
20191103,2019-11-03,FY2020,FY2020 Q2,2019 Nov,"2019 Nov, 03",201911
20191104,2019-11-04,FY2020,FY2020 Q2,2019 Nov,"2019 Nov, 04",201911
20191105,2019-11-05,FY2020,FY2020 Q2,2019 Nov,"2019 Nov, 05",201911
20191106,2019-11-06,FY2020,FY2020 Q2,2019 Nov,"2019 Nov, 06",201911
20191107,2019-11-07,FY2020,FY2020 Q2,2019 Nov,"2019 Nov, 07",201911
20191108,2019-11-08,FY2020,FY2020 Q2,2019 Nov,"2019 Nov, 08",201911
20191109,2019-11-09,FY2020,FY2020 Q2,2019 Nov,"2019 Nov, 09",201911
20191110,2019-11-10,FY2020,FY2020 Q2,2019 Nov,"2019 Nov, 10",201911
20191111,2019-11-11,FY2020,FY2020 Q2,2019 Nov,"2019 Nov, 11",201911
20191112,2019-11-12,FY2020,FY2020 Q2,2019 Nov,"2019 Nov, 12",201911
20191113,2019-11-13,FY2020,FY2020 Q2,2019 Nov,"2019 Nov, 13",201911
20191114,2019-11-14,FY2020,FY2020 Q2,2019 Nov,"2019 Nov, 14",201911
20191115,2019-11-15,FY2020,FY2020 Q2,2019 Nov,"2019 Nov, 15",201911
20191116,2019-11-16,FY2020,FY2020 Q2,2019 Nov,"2019 Nov, 16",201911
20191117,2019-11-17,FY2020,FY2020 Q2,2019 Nov,"2019 Nov, 17",201911
20191118,2019-11-18,FY2020,FY2020 Q2,2019 Nov,"2019 Nov, 18",201911
20191119,2019-11-19,FY2020,FY2020 Q2,2019 Nov,"2019 Nov, 19",201911
20191120,2019-11-20,FY2020,FY2020 Q2,2019 Nov,"2019 Nov, 20",201911
20191121,2019-11-21,FY2020,FY2020 Q2,2019 Nov,"2019 Nov, 21",201911
20191122,2019-11-22,FY2020,FY2020 Q2,2019 Nov,"2019 Nov, 22",201911
20191123,2019-11-23,FY2020,FY2020 Q2,2019 Nov,"2019 Nov, 23",201911
20191124,2019-11-24,FY2020,FY2020 Q2,2019 Nov,"2019 Nov, 24",201911
20191125,2019-11-25,FY2020,FY2020 Q2,2019 Nov,"2019 Nov, 25",201911
20191126,2019-11-26,FY2020,FY2020 Q2,2019 Nov,"2019 Nov, 26",201911
20191127,2019-11-27,FY2020,FY2020 Q2,2019 Nov,"2019 Nov, 27",201911
20191128,2019-11-28,FY2020,FY2020 Q2,2019 Nov,"2019 Nov, 28",201911
20191129,2019-11-29,FY2020,FY2020 Q2,2019 Nov,"2019 Nov, 29",201911
20191130,2019-11-30,FY2020,FY2020 Q2,2019 Nov,"2019 Nov, 30",201911
20191201,2019-12-01,FY2020,FY2020 Q2,2019 Dec,"2019 Dec, 01",201912
20191202,2019-12-02,FY2020,FY2020 Q2,2019 Dec,"2019 Dec, 02",201912
20191203,2019-12-03,FY2020,FY2020 Q2,2019 Dec,"2019 Dec, 03",201912
20191204,2019-12-04,FY2020,FY2020 Q2,2019 Dec,"2019 Dec, 04",201912
20191205,2019-12-05,FY2020,FY2020 Q2,2019 Dec,"2019 Dec, 05",201912
20191206,2019-12-06,FY2020,FY2020 Q2,2019 Dec,"2019 Dec, 06",201912
20191207,2019-12-07,FY2020,FY2020 Q2,2019 Dec,"2019 Dec, 07",201912
20191208,2019-12-08,FY2020,FY2020 Q2,2019 Dec,"2019 Dec, 08",201912
20191209,2019-12-09,FY2020,FY2020 Q2,2019 Dec,"2019 Dec, 09",201912
20191210,2019-12-10,FY2020,FY2020 Q2,2019 Dec,"2019 Dec, 10",201912
20191211,2019-12-11,FY2020,FY2020 Q2,2019 Dec,"2019 Dec, 11",201912
20191212,2019-12-12,FY2020,FY2020 Q2,2019 Dec,"2019 Dec, 12",201912
20191213,2019-12-13,FY2020,FY2020 Q2,2019 Dec,"2019 Dec, 13",201912
20191214,2019-12-14,FY2020,FY2020 Q2,2019 Dec,"2019 Dec, 14",201912
20191215,2019-12-15,FY2020,FY2020 Q2,2019 Dec,"2019 Dec, 15",201912
20191216,2019-12-16,FY2020,FY2020 Q2,2019 Dec,"2019 Dec, 16",201912
20191217,2019-12-17,FY2020,FY2020 Q2,2019 Dec,"2019 Dec, 17",201912
20191218,2019-12-18,FY2020,FY2020 Q2,2019 Dec,"2019 Dec, 18",201912
20191219,2019-12-19,FY2020,FY2020 Q2,2019 Dec,"2019 Dec, 19",201912
20191220,2019-12-20,FY2020,FY2020 Q2,2019 Dec,"2019 Dec, 20",201912
20191221,2019-12-21,FY2020,FY2020 Q2,2019 Dec,"2019 Dec, 21",201912
20191222,2019-12-22,FY2020,FY2020 Q2,2019 Dec,"2019 Dec, 22",201912
20191223,2019-12-23,FY2020,FY2020 Q2,2019 Dec,"2019 Dec, 23",201912
20191224,2019-12-24,FY2020,FY2020 Q2,2019 Dec,"2019 Dec, 24",201912
20191225,2019-12-25,FY2020,FY2020 Q2,2019 Dec,"2019 Dec, 25",201912
20191226,2019-12-26,FY2020,FY2020 Q2,2019 Dec,"2019 Dec, 26",201912
20191227,2019-12-27,FY2020,FY2020 Q2,2019 Dec,"2019 Dec, 27",201912
20191228,2019-12-28,FY2020,FY2020 Q2,2019 Dec,"2019 Dec, 28",201912
20191229,2019-12-29,FY2020,FY2020 Q2,2019 Dec,"2019 Dec, 29",201912
20191230,2019-12-30,FY2020,FY2020 Q2,2019 Dec,"2019 Dec, 30",201912
20191231,2019-12-31,FY2020,FY2020 Q2,2019 Dec,"2019 Dec, 31",201912
20200101,2020-01-01,FY2020,FY2020 Q3,2020 Jan,"2020 Jan, 01",202001
20200102,2020-01-02,FY2020,FY2020 Q3,2020 Jan,"2020 Jan, 02",202001
20200103,2020-01-03,FY2020,FY2020 Q3,2020 Jan,"2020 Jan, 03",202001
20200104,2020-01-04,FY2020,FY2020 Q3,2020 Jan,"2020 Jan, 04",202001
20200105,2020-01-05,FY2020,FY2020 Q3,2020 Jan,"2020 Jan, 05",202001
20200106,2020-01-06,FY2020,FY2020 Q3,2020 Jan,"2020 Jan, 06",202001
20200107,2020-01-07,FY2020,FY2020 Q3,2020 Jan,"2020 Jan, 07",202001
20200108,2020-01-08,FY2020,FY2020 Q3,2020 Jan,"2020 Jan, 08",202001
20200109,2020-01-09,FY2020,FY2020 Q3,2020 Jan,"2020 Jan, 09",202001
20200110,2020-01-10,FY2020,FY2020 Q3,2020 Jan,"2020 Jan, 10",202001
20200111,2020-01-11,FY2020,FY2020 Q3,2020 Jan,"2020 Jan, 11",202001
20200112,2020-01-12,FY2020,FY2020 Q3,2020 Jan,"2020 Jan, 12",202001
20200113,2020-01-13,FY2020,FY2020 Q3,2020 Jan,"2020 Jan, 13",202001
20200114,2020-01-14,FY2020,FY2020 Q3,2020 Jan,"2020 Jan, 14",202001
20200115,2020-01-15,FY2020,FY2020 Q3,2020 Jan,"2020 Jan, 15",202001
20200116,2020-01-16,FY2020,FY2020 Q3,2020 Jan,"2020 Jan, 16",202001
20200117,2020-01-17,FY2020,FY2020 Q3,2020 Jan,"2020 Jan, 17",202001
20200118,2020-01-18,FY2020,FY2020 Q3,2020 Jan,"2020 Jan, 18",202001
20200119,2020-01-19,FY2020,FY2020 Q3,2020 Jan,"2020 Jan, 19",202001
20200120,2020-01-20,FY2020,FY2020 Q3,2020 Jan,"2020 Jan, 20",202001
20200121,2020-01-21,FY2020,FY2020 Q3,2020 Jan,"2020 Jan, 21",202001
20200122,2020-01-22,FY2020,FY2020 Q3,2020 Jan,"2020 Jan, 22",202001
20200123,2020-01-23,FY2020,FY2020 Q3,2020 Jan,"2020 Jan, 23",202001
20200124,2020-01-24,FY2020,FY2020 Q3,2020 Jan,"2020 Jan, 24",202001
20200125,2020-01-25,FY2020,FY2020 Q3,2020 Jan,"2020 Jan, 25",202001
20200126,2020-01-26,FY2020,FY2020 Q3,2020 Jan,"2020 Jan, 26",202001
20200127,2020-01-27,FY2020,FY2020 Q3,2020 Jan,"2020 Jan, 27",202001
20200128,2020-01-28,FY2020,FY2020 Q3,2020 Jan,"2020 Jan, 28",202001
20200129,2020-01-29,FY2020,FY2020 Q3,2020 Jan,"2020 Jan, 29",202001
20200130,2020-01-30,FY2020,FY2020 Q3,2020 Jan,"2020 Jan, 30",202001
20200131,2020-01-31,FY2020,FY2020 Q3,2020 Jan,"2020 Jan, 31",202001
20200201,2020-02-01,FY2020,FY2020 Q3,2020 Feb,"2020 Feb, 01",202002
20200202,2020-02-02,FY2020,FY2020 Q3,2020 Feb,"2020 Feb, 02",202002
20200203,2020-02-03,FY2020,FY2020 Q3,2020 Feb,"2020 Feb, 03",202002
20200204,2020-02-04,FY2020,FY2020 Q3,2020 Feb,"2020 Feb, 04",202002
20200205,2020-02-05,FY2020,FY2020 Q3,2020 Feb,"2020 Feb, 05",202002
20200206,2020-02-06,FY2020,FY2020 Q3,2020 Feb,"2020 Feb, 06",202002
20200207,2020-02-07,FY2020,FY2020 Q3,2020 Feb,"2020 Feb, 07",202002
20200208,2020-02-08,FY2020,FY2020 Q3,2020 Feb,"2020 Feb, 08",202002
20200209,2020-02-09,FY2020,FY2020 Q3,2020 Feb,"2020 Feb, 09",202002
20200210,2020-02-10,FY2020,FY2020 Q3,2020 Feb,"2020 Feb, 10",202002
20200211,2020-02-11,FY2020,FY2020 Q3,2020 Feb,"2020 Feb, 11",202002
20200212,2020-02-12,FY2020,FY2020 Q3,2020 Feb,"2020 Feb, 12",202002
20200213,2020-02-13,FY2020,FY2020 Q3,2020 Feb,"2020 Feb, 13",202002
20200214,2020-02-14,FY2020,FY2020 Q3,2020 Feb,"2020 Feb, 14",202002
20200215,2020-02-15,FY2020,FY2020 Q3,2020 Feb,"2020 Feb, 15",202002
20200216,2020-02-16,FY2020,FY2020 Q3,2020 Feb,"2020 Feb, 16",202002
20200217,2020-02-17,FY2020,FY2020 Q3,2020 Feb,"2020 Feb, 17",202002
20200218,2020-02-18,FY2020,FY2020 Q3,2020 Feb,"2020 Feb, 18",202002
20200219,2020-02-19,FY2020,FY2020 Q3,2020 Feb,"2020 Feb, 19",202002
20200220,2020-02-20,FY2020,FY2020 Q3,2020 Feb,"2020 Feb, 20",202002
20200221,2020-02-21,FY2020,FY2020 Q3,2020 Feb,"2020 Feb, 21",202002
20200222,2020-02-22,FY2020,FY2020 Q3,2020 Feb,"2020 Feb, 22",202002
20200223,2020-02-23,FY2020,FY2020 Q3,2020 Feb,"2020 Feb, 23",202002
20200224,2020-02-24,FY2020,FY2020 Q3,2020 Feb,"2020 Feb, 24",202002
20200225,2020-02-25,FY2020,FY2020 Q3,2020 Feb,"2020 Feb, 25",202002
20200226,2020-02-26,FY2020,FY2020 Q3,2020 Feb,"2020 Feb, 26",202002
20200227,2020-02-27,FY2020,FY2020 Q3,2020 Feb,"2020 Feb, 27",202002
20200228,2020-02-28,FY2020,FY2020 Q3,2020 Feb,"2020 Feb, 28",202002
20200229,2020-02-29,FY2020,FY2020 Q3,2020 Feb,"2020 Feb, 29",202002
20200301,2020-03-01,FY2020,FY2020 Q3,2020 Mar,"2020 Mar, 01",202003
20200302,2020-03-02,FY2020,FY2020 Q3,2020 Mar,"2020 Mar, 02",202003
20200303,2020-03-03,FY2020,FY2020 Q3,2020 Mar,"2020 Mar, 03",202003
20200304,2020-03-04,FY2020,FY2020 Q3,2020 Mar,"2020 Mar, 04",202003
20200305,2020-03-05,FY2020,FY2020 Q3,2020 Mar,"2020 Mar, 05",202003
20200306,2020-03-06,FY2020,FY2020 Q3,2020 Mar,"2020 Mar, 06",202003
20200307,2020-03-07,FY2020,FY2020 Q3,2020 Mar,"2020 Mar, 07",202003
20200308,2020-03-08,FY2020,FY2020 Q3,2020 Mar,"2020 Mar, 08",202003
20200309,2020-03-09,FY2020,FY2020 Q3,2020 Mar,"2020 Mar, 09",202003
20200310,2020-03-10,FY2020,FY2020 Q3,2020 Mar,"2020 Mar, 10",202003
20200311,2020-03-11,FY2020,FY2020 Q3,2020 Mar,"2020 Mar, 11",202003
20200312,2020-03-12,FY2020,FY2020 Q3,2020 Mar,"2020 Mar, 12",202003
20200313,2020-03-13,FY2020,FY2020 Q3,2020 Mar,"2020 Mar, 13",202003
20200314,2020-03-14,FY2020,FY2020 Q3,2020 Mar,"2020 Mar, 14",202003
20200315,2020-03-15,FY2020,FY2020 Q3,2020 Mar,"2020 Mar, 15",202003
20200316,2020-03-16,FY2020,FY2020 Q3,2020 Mar,"2020 Mar, 16",202003
20200317,2020-03-17,FY2020,FY2020 Q3,2020 Mar,"2020 Mar, 17",202003
20200318,2020-03-18,FY2020,FY2020 Q3,2020 Mar,"2020 Mar, 18",202003
20200319,2020-03-19,FY2020,FY2020 Q3,2020 Mar,"2020 Mar, 19",202003
20200320,2020-03-20,FY2020,FY2020 Q3,2020 Mar,"2020 Mar, 20",202003
20200321,2020-03-21,FY2020,FY2020 Q3,2020 Mar,"2020 Mar, 21",202003
20200322,2020-03-22,FY2020,FY2020 Q3,2020 Mar,"2020 Mar, 22",202003
20200323,2020-03-23,FY2020,FY2020 Q3,2020 Mar,"2020 Mar, 23",202003
20200324,2020-03-24,FY2020,FY2020 Q3,2020 Mar,"2020 Mar, 24",202003
20200325,2020-03-25,FY2020,FY2020 Q3,2020 Mar,"2020 Mar, 25",202003
20200326,2020-03-26,FY2020,FY2020 Q3,2020 Mar,"2020 Mar, 26",202003
20200327,2020-03-27,FY2020,FY2020 Q3,2020 Mar,"2020 Mar, 27",202003
20200328,2020-03-28,FY2020,FY2020 Q3,2020 Mar,"2020 Mar, 28",202003
20200329,2020-03-29,FY2020,FY2020 Q3,2020 Mar,"2020 Mar, 29",202003
20200330,2020-03-30,FY2020,FY2020 Q3,2020 Mar,"2020 Mar, 30",202003
20200331,2020-03-31,FY2020,FY2020 Q3,2020 Mar,"2020 Mar, 31",202003
20200401,2020-04-01,FY2020,FY2020 Q4,2020 Apr,"2020 Apr, 01",202004
20200402,2020-04-02,FY2020,FY2020 Q4,2020 Apr,"2020 Apr, 02",202004
20200403,2020-04-03,FY2020,FY2020 Q4,2020 Apr,"2020 Apr, 03",202004
20200404,2020-04-04,FY2020,FY2020 Q4,2020 Apr,"2020 Apr, 04",202004
20200405,2020-04-05,FY2020,FY2020 Q4,2020 Apr,"2020 Apr, 05",202004
20200406,2020-04-06,FY2020,FY2020 Q4,2020 Apr,"2020 Apr, 06",202004
20200407,2020-04-07,FY2020,FY2020 Q4,2020 Apr,"2020 Apr, 07",202004
20200408,2020-04-08,FY2020,FY2020 Q4,2020 Apr,"2020 Apr, 08",202004
20200409,2020-04-09,FY2020,FY2020 Q4,2020 Apr,"2020 Apr, 09",202004
20200410,2020-04-10,FY2020,FY2020 Q4,2020 Apr,"2020 Apr, 10",202004
20200411,2020-04-11,FY2020,FY2020 Q4,2020 Apr,"2020 Apr, 11",202004
20200412,2020-04-12,FY2020,FY2020 Q4,2020 Apr,"2020 Apr, 12",202004
20200413,2020-04-13,FY2020,FY2020 Q4,2020 Apr,"2020 Apr, 13",202004
20200414,2020-04-14,FY2020,FY2020 Q4,2020 Apr,"2020 Apr, 14",202004
20200415,2020-04-15,FY2020,FY2020 Q4,2020 Apr,"2020 Apr, 15",202004
20200416,2020-04-16,FY2020,FY2020 Q4,2020 Apr,"2020 Apr, 16",202004
20200417,2020-04-17,FY2020,FY2020 Q4,2020 Apr,"2020 Apr, 17",202004
20200418,2020-04-18,FY2020,FY2020 Q4,2020 Apr,"2020 Apr, 18",202004
20200419,2020-04-19,FY2020,FY2020 Q4,2020 Apr,"2020 Apr, 19",202004
20200420,2020-04-20,FY2020,FY2020 Q4,2020 Apr,"2020 Apr, 20",202004
20200421,2020-04-21,FY2020,FY2020 Q4,2020 Apr,"2020 Apr, 21",202004
20200422,2020-04-22,FY2020,FY2020 Q4,2020 Apr,"2020 Apr, 22",202004
20200423,2020-04-23,FY2020,FY2020 Q4,2020 Apr,"2020 Apr, 23",202004
20200424,2020-04-24,FY2020,FY2020 Q4,2020 Apr,"2020 Apr, 24",202004
20200425,2020-04-25,FY2020,FY2020 Q4,2020 Apr,"2020 Apr, 25",202004
20200426,2020-04-26,FY2020,FY2020 Q4,2020 Apr,"2020 Apr, 26",202004
20200427,2020-04-27,FY2020,FY2020 Q4,2020 Apr,"2020 Apr, 27",202004
20200428,2020-04-28,FY2020,FY2020 Q4,2020 Apr,"2020 Apr, 28",202004
20200429,2020-04-29,FY2020,FY2020 Q4,2020 Apr,"2020 Apr, 29",202004
20200430,2020-04-30,FY2020,FY2020 Q4,2020 Apr,"2020 Apr, 30",202004
20200501,2020-05-01,FY2020,FY2020 Q4,2020 May,"2020 May, 01",202005
20200502,2020-05-02,FY2020,FY2020 Q4,2020 May,"2020 May, 02",202005
20200503,2020-05-03,FY2020,FY2020 Q4,2020 May,"2020 May, 03",202005
20200504,2020-05-04,FY2020,FY2020 Q4,2020 May,"2020 May, 04",202005
20200505,2020-05-05,FY2020,FY2020 Q4,2020 May,"2020 May, 05",202005
20200506,2020-05-06,FY2020,FY2020 Q4,2020 May,"2020 May, 06",202005
20200507,2020-05-07,FY2020,FY2020 Q4,2020 May,"2020 May, 07",202005
20200508,2020-05-08,FY2020,FY2020 Q4,2020 May,"2020 May, 08",202005
20200509,2020-05-09,FY2020,FY2020 Q4,2020 May,"2020 May, 09",202005
20200510,2020-05-10,FY2020,FY2020 Q4,2020 May,"2020 May, 10",202005
20200511,2020-05-11,FY2020,FY2020 Q4,2020 May,"2020 May, 11",202005
20200512,2020-05-12,FY2020,FY2020 Q4,2020 May,"2020 May, 12",202005
20200513,2020-05-13,FY2020,FY2020 Q4,2020 May,"2020 May, 13",202005
20200514,2020-05-14,FY2020,FY2020 Q4,2020 May,"2020 May, 14",202005
20200515,2020-05-15,FY2020,FY2020 Q4,2020 May,"2020 May, 15",202005
20200516,2020-05-16,FY2020,FY2020 Q4,2020 May,"2020 May, 16",202005
20200517,2020-05-17,FY2020,FY2020 Q4,2020 May,"2020 May, 17",202005
20200518,2020-05-18,FY2020,FY2020 Q4,2020 May,"2020 May, 18",202005
20200519,2020-05-19,FY2020,FY2020 Q4,2020 May,"2020 May, 19",202005
20200520,2020-05-20,FY2020,FY2020 Q4,2020 May,"2020 May, 20",202005
20200521,2020-05-21,FY2020,FY2020 Q4,2020 May,"2020 May, 21",202005
20200522,2020-05-22,FY2020,FY2020 Q4,2020 May,"2020 May, 22",202005
20200523,2020-05-23,FY2020,FY2020 Q4,2020 May,"2020 May, 23",202005
20200524,2020-05-24,FY2020,FY2020 Q4,2020 May,"2020 May, 24",202005
20200525,2020-05-25,FY2020,FY2020 Q4,2020 May,"2020 May, 25",202005
20200526,2020-05-26,FY2020,FY2020 Q4,2020 May,"2020 May, 26",202005
20200527,2020-05-27,FY2020,FY2020 Q4,2020 May,"2020 May, 27",202005
20200528,2020-05-28,FY2020,FY2020 Q4,2020 May,"2020 May, 28",202005
20200529,2020-05-29,FY2020,FY2020 Q4,2020 May,"2020 May, 29",202005
20200530,2020-05-30,FY2020,FY2020 Q4,2020 May,"2020 May, 30",202005
20200531,2020-05-31,FY2020,FY2020 Q4,2020 May,"2020 May, 31",202005
20200601,2020-06-01,FY2020,FY2020 Q4,2020 Jun,"2020 Jun, 01",202006
20200602,2020-06-02,FY2020,FY2020 Q4,2020 Jun,"2020 Jun, 02",202006
20200603,2020-06-03,FY2020,FY2020 Q4,2020 Jun,"2020 Jun, 03",202006
20200604,2020-06-04,FY2020,FY2020 Q4,2020 Jun,"2020 Jun, 04",202006
20200605,2020-06-05,FY2020,FY2020 Q4,2020 Jun,"2020 Jun, 05",202006
20200606,2020-06-06,FY2020,FY2020 Q4,2020 Jun,"2020 Jun, 06",202006
20200607,2020-06-07,FY2020,FY2020 Q4,2020 Jun,"2020 Jun, 07",202006
20200608,2020-06-08,FY2020,FY2020 Q4,2020 Jun,"2020 Jun, 08",202006
20200609,2020-06-09,FY2020,FY2020 Q4,2020 Jun,"2020 Jun, 09",202006
20200610,2020-06-10,FY2020,FY2020 Q4,2020 Jun,"2020 Jun, 10",202006
20200611,2020-06-11,FY2020,FY2020 Q4,2020 Jun,"2020 Jun, 11",202006
20200612,2020-06-12,FY2020,FY2020 Q4,2020 Jun,"2020 Jun, 12",202006
20200613,2020-06-13,FY2020,FY2020 Q4,2020 Jun,"2020 Jun, 13",202006
20200614,2020-06-14,FY2020,FY2020 Q4,2020 Jun,"2020 Jun, 14",202006
20200615,2020-06-15,FY2020,FY2020 Q4,2020 Jun,"2020 Jun, 15",202006
20200616,2020-06-16,FY2020,FY2020 Q4,2020 Jun,"2020 Jun, 16",202006
20200617,2020-06-17,FY2020,FY2020 Q4,2020 Jun,"2020 Jun, 17",202006
20200618,2020-06-18,FY2020,FY2020 Q4,2020 Jun,"2020 Jun, 18",202006
20200619,2020-06-19,FY2020,FY2020 Q4,2020 Jun,"2020 Jun, 19",202006
20200620,2020-06-20,FY2020,FY2020 Q4,2020 Jun,"2020 Jun, 20",202006
20200621,2020-06-21,FY2020,FY2020 Q4,2020 Jun,"2020 Jun, 21",202006
20200622,2020-06-22,FY2020,FY2020 Q4,2020 Jun,"2020 Jun, 22",202006
20200623,2020-06-23,FY2020,FY2020 Q4,2020 Jun,"2020 Jun, 23",202006
20200624,2020-06-24,FY2020,FY2020 Q4,2020 Jun,"2020 Jun, 24",202006
20200625,2020-06-25,FY2020,FY2020 Q4,2020 Jun,"2020 Jun, 25",202006
20200626,2020-06-26,FY2020,FY2020 Q4,2020 Jun,"2020 Jun, 26",202006
20200627,2020-06-27,FY2020,FY2020 Q4,2020 Jun,"2020 Jun, 27",202006
20200628,2020-06-28,FY2020,FY2020 Q4,2020 Jun,"2020 Jun, 28",202006
20200629,2020-06-29,FY2020,FY2020 Q4,2020 Jun,"2020 Jun, 29",202006
20200630,2020-06-30,FY2020,FY2020 Q4,2020 Jun,"2020 Jun, 30",202006
20200701,2020-07-01,FY2021,FY2021 Q1,2020 Jul,"2020 Jul, 01",202007
20200702,2020-07-02,FY2021,FY2021 Q1,2020 Jul,"2020 Jul, 02",202007
20200703,2020-07-03,FY2021,FY2021 Q1,2020 Jul,"2020 Jul, 03",202007
20200704,2020-07-04,FY2021,FY2021 Q1,2020 Jul,"2020 Jul, 04",202007
20200705,2020-07-05,FY2021,FY2021 Q1,2020 Jul,"2020 Jul, 05",202007
20200706,2020-07-06,FY2021,FY2021 Q1,2020 Jul,"2020 Jul, 06",202007
20200707,2020-07-07,FY2021,FY2021 Q1,2020 Jul,"2020 Jul, 07",202007
20200708,2020-07-08,FY2021,FY2021 Q1,2020 Jul,"2020 Jul, 08",202007
20200709,2020-07-09,FY2021,FY2021 Q1,2020 Jul,"2020 Jul, 09",202007
20200710,2020-07-10,FY2021,FY2021 Q1,2020 Jul,"2020 Jul, 10",202007
20200711,2020-07-11,FY2021,FY2021 Q1,2020 Jul,"2020 Jul, 11",202007
20200712,2020-07-12,FY2021,FY2021 Q1,2020 Jul,"2020 Jul, 12",202007
20200713,2020-07-13,FY2021,FY2021 Q1,2020 Jul,"2020 Jul, 13",202007
20200714,2020-07-14,FY2021,FY2021 Q1,2020 Jul,"2020 Jul, 14",202007
20200715,2020-07-15,FY2021,FY2021 Q1,2020 Jul,"2020 Jul, 15",202007
20200716,2020-07-16,FY2021,FY2021 Q1,2020 Jul,"2020 Jul, 16",202007
20200717,2020-07-17,FY2021,FY2021 Q1,2020 Jul,"2020 Jul, 17",202007
20200718,2020-07-18,FY2021,FY2021 Q1,2020 Jul,"2020 Jul, 18",202007
20200719,2020-07-19,FY2021,FY2021 Q1,2020 Jul,"2020 Jul, 19",202007
20200720,2020-07-20,FY2021,FY2021 Q1,2020 Jul,"2020 Jul, 20",202007
20200721,2020-07-21,FY2021,FY2021 Q1,2020 Jul,"2020 Jul, 21",202007
20200722,2020-07-22,FY2021,FY2021 Q1,2020 Jul,"2020 Jul, 22",202007
20200723,2020-07-23,FY2021,FY2021 Q1,2020 Jul,"2020 Jul, 23",202007
20200724,2020-07-24,FY2021,FY2021 Q1,2020 Jul,"2020 Jul, 24",202007
20200725,2020-07-25,FY2021,FY2021 Q1,2020 Jul,"2020 Jul, 25",202007
20200726,2020-07-26,FY2021,FY2021 Q1,2020 Jul,"2020 Jul, 26",202007
20200727,2020-07-27,FY2021,FY2021 Q1,2020 Jul,"2020 Jul, 27",202007
20200728,2020-07-28,FY2021,FY2021 Q1,2020 Jul,"2020 Jul, 28",202007
20200729,2020-07-29,FY2021,FY2021 Q1,2020 Jul,"2020 Jul, 29",202007
20200730,2020-07-30,FY2021,FY2021 Q1,2020 Jul,"2020 Jul, 30",202007
20200731,2020-07-31,FY2021,FY2021 Q1,2020 Jul,"2020 Jul, 31",202007
20200801,2020-08-01,FY2021,FY2021 Q1,2020 Aug,"2020 Aug, 01",202008
20200802,2020-08-02,FY2021,FY2021 Q1,2020 Aug,"2020 Aug, 02",202008
20200803,2020-08-03,FY2021,FY2021 Q1,2020 Aug,"2020 Aug, 03",202008
20200804,2020-08-04,FY2021,FY2021 Q1,2020 Aug,"2020 Aug, 04",202008
20200805,2020-08-05,FY2021,FY2021 Q1,2020 Aug,"2020 Aug, 05",202008
20200806,2020-08-06,FY2021,FY2021 Q1,2020 Aug,"2020 Aug, 06",202008
20200807,2020-08-07,FY2021,FY2021 Q1,2020 Aug,"2020 Aug, 07",202008
20200808,2020-08-08,FY2021,FY2021 Q1,2020 Aug,"2020 Aug, 08",202008
20200809,2020-08-09,FY2021,FY2021 Q1,2020 Aug,"2020 Aug, 09",202008
20200810,2020-08-10,FY2021,FY2021 Q1,2020 Aug,"2020 Aug, 10",202008
20200811,2020-08-11,FY2021,FY2021 Q1,2020 Aug,"2020 Aug, 11",202008
20200812,2020-08-12,FY2021,FY2021 Q1,2020 Aug,"2020 Aug, 12",202008
20200813,2020-08-13,FY2021,FY2021 Q1,2020 Aug,"2020 Aug, 13",202008
20200814,2020-08-14,FY2021,FY2021 Q1,2020 Aug,"2020 Aug, 14",202008
20200815,2020-08-15,FY2021,FY2021 Q1,2020 Aug,"2020 Aug, 15",202008
20200816,2020-08-16,FY2021,FY2021 Q1,2020 Aug,"2020 Aug, 16",202008
20200817,2020-08-17,FY2021,FY2021 Q1,2020 Aug,"2020 Aug, 17",202008
20200818,2020-08-18,FY2021,FY2021 Q1,2020 Aug,"2020 Aug, 18",202008
20200819,2020-08-19,FY2021,FY2021 Q1,2020 Aug,"2020 Aug, 19",202008
20200820,2020-08-20,FY2021,FY2021 Q1,2020 Aug,"2020 Aug, 20",202008
20200821,2020-08-21,FY2021,FY2021 Q1,2020 Aug,"2020 Aug, 21",202008
20200822,2020-08-22,FY2021,FY2021 Q1,2020 Aug,"2020 Aug, 22",202008
20200823,2020-08-23,FY2021,FY2021 Q1,2020 Aug,"2020 Aug, 23",202008
20200824,2020-08-24,FY2021,FY2021 Q1,2020 Aug,"2020 Aug, 24",202008
20200825,2020-08-25,FY2021,FY2021 Q1,2020 Aug,"2020 Aug, 25",202008
20200826,2020-08-26,FY2021,FY2021 Q1,2020 Aug,"2020 Aug, 26",202008
20200827,2020-08-27,FY2021,FY2021 Q1,2020 Aug,"2020 Aug, 27",202008
20200828,2020-08-28,FY2021,FY2021 Q1,2020 Aug,"2020 Aug, 28",202008
20200829,2020-08-29,FY2021,FY2021 Q1,2020 Aug,"2020 Aug, 29",202008
20200830,2020-08-30,FY2021,FY2021 Q1,2020 Aug,"2020 Aug, 30",202008
20200831,2020-08-31,FY2021,FY2021 Q1,2020 Aug,"2020 Aug, 31",202008
20200901,2020-09-01,FY2021,FY2021 Q1,2020 Sep,"2020 Sep, 01",202009
20200902,2020-09-02,FY2021,FY2021 Q1,2020 Sep,"2020 Sep, 02",202009
20200903,2020-09-03,FY2021,FY2021 Q1,2020 Sep,"2020 Sep, 03",202009
20200904,2020-09-04,FY2021,FY2021 Q1,2020 Sep,"2020 Sep, 04",202009
20200905,2020-09-05,FY2021,FY2021 Q1,2020 Sep,"2020 Sep, 05",202009
20200906,2020-09-06,FY2021,FY2021 Q1,2020 Sep,"2020 Sep, 06",202009
20200907,2020-09-07,FY2021,FY2021 Q1,2020 Sep,"2020 Sep, 07",202009
20200908,2020-09-08,FY2021,FY2021 Q1,2020 Sep,"2020 Sep, 08",202009
20200909,2020-09-09,FY2021,FY2021 Q1,2020 Sep,"2020 Sep, 09",202009
20200910,2020-09-10,FY2021,FY2021 Q1,2020 Sep,"2020 Sep, 10",202009
20200911,2020-09-11,FY2021,FY2021 Q1,2020 Sep,"2020 Sep, 11",202009
20200912,2020-09-12,FY2021,FY2021 Q1,2020 Sep,"2020 Sep, 12",202009
20200913,2020-09-13,FY2021,FY2021 Q1,2020 Sep,"2020 Sep, 13",202009
20200914,2020-09-14,FY2021,FY2021 Q1,2020 Sep,"2020 Sep, 14",202009
20200915,2020-09-15,FY2021,FY2021 Q1,2020 Sep,"2020 Sep, 15",202009
20200916,2020-09-16,FY2021,FY2021 Q1,2020 Sep,"2020 Sep, 16",202009
20200917,2020-09-17,FY2021,FY2021 Q1,2020 Sep,"2020 Sep, 17",202009
20200918,2020-09-18,FY2021,FY2021 Q1,2020 Sep,"2020 Sep, 18",202009
20200919,2020-09-19,FY2021,FY2021 Q1,2020 Sep,"2020 Sep, 19",202009
20200920,2020-09-20,FY2021,FY2021 Q1,2020 Sep,"2020 Sep, 20",202009
20200921,2020-09-21,FY2021,FY2021 Q1,2020 Sep,"2020 Sep, 21",202009
20200922,2020-09-22,FY2021,FY2021 Q1,2020 Sep,"2020 Sep, 22",202009
20200923,2020-09-23,FY2021,FY2021 Q1,2020 Sep,"2020 Sep, 23",202009
20200924,2020-09-24,FY2021,FY2021 Q1,2020 Sep,"2020 Sep, 24",202009
20200925,2020-09-25,FY2021,FY2021 Q1,2020 Sep,"2020 Sep, 25",202009
20200926,2020-09-26,FY2021,FY2021 Q1,2020 Sep,"2020 Sep, 26",202009
20200927,2020-09-27,FY2021,FY2021 Q1,2020 Sep,"2020 Sep, 27",202009
20200928,2020-09-28,FY2021,FY2021 Q1,2020 Sep,"2020 Sep, 28",202009
20200929,2020-09-29,FY2021,FY2021 Q1,2020 Sep,"2020 Sep, 29",202009
20200930,2020-09-30,FY2021,FY2021 Q1,2020 Sep,"2020 Sep, 30",202009
20201001,2020-10-01,FY2021,FY2021 Q2,2020 Oct,"2020 Oct, 01",202010
20201002,2020-10-02,FY2021,FY2021 Q2,2020 Oct,"2020 Oct, 02",202010
20201003,2020-10-03,FY2021,FY2021 Q2,2020 Oct,"2020 Oct, 03",202010
20201004,2020-10-04,FY2021,FY2021 Q2,2020 Oct,"2020 Oct, 04",202010
20201005,2020-10-05,FY2021,FY2021 Q2,2020 Oct,"2020 Oct, 05",202010
20201006,2020-10-06,FY2021,FY2021 Q2,2020 Oct,"2020 Oct, 06",202010
20201007,2020-10-07,FY2021,FY2021 Q2,2020 Oct,"2020 Oct, 07",202010
20201008,2020-10-08,FY2021,FY2021 Q2,2020 Oct,"2020 Oct, 08",202010
20201009,2020-10-09,FY2021,FY2021 Q2,2020 Oct,"2020 Oct, 09",202010
20201010,2020-10-10,FY2021,FY2021 Q2,2020 Oct,"2020 Oct, 10",202010
20201011,2020-10-11,FY2021,FY2021 Q2,2020 Oct,"2020 Oct, 11",202010
20201012,2020-10-12,FY2021,FY2021 Q2,2020 Oct,"2020 Oct, 12",202010
20201013,2020-10-13,FY2021,FY2021 Q2,2020 Oct,"2020 Oct, 13",202010
20201014,2020-10-14,FY2021,FY2021 Q2,2020 Oct,"2020 Oct, 14",202010
20201015,2020-10-15,FY2021,FY2021 Q2,2020 Oct,"2020 Oct, 15",202010
20201016,2020-10-16,FY2021,FY2021 Q2,2020 Oct,"2020 Oct, 16",202010
20201017,2020-10-17,FY2021,FY2021 Q2,2020 Oct,"2020 Oct, 17",202010
20201018,2020-10-18,FY2021,FY2021 Q2,2020 Oct,"2020 Oct, 18",202010
20201019,2020-10-19,FY2021,FY2021 Q2,2020 Oct,"2020 Oct, 19",202010
20201020,2020-10-20,FY2021,FY2021 Q2,2020 Oct,"2020 Oct, 20",202010
20201021,2020-10-21,FY2021,FY2021 Q2,2020 Oct,"2020 Oct, 21",202010
20201022,2020-10-22,FY2021,FY2021 Q2,2020 Oct,"2020 Oct, 22",202010
20201023,2020-10-23,FY2021,FY2021 Q2,2020 Oct,"2020 Oct, 23",202010
20201024,2020-10-24,FY2021,FY2021 Q2,2020 Oct,"2020 Oct, 24",202010
20201025,2020-10-25,FY2021,FY2021 Q2,2020 Oct,"2020 Oct, 25",202010
20201026,2020-10-26,FY2021,FY2021 Q2,2020 Oct,"2020 Oct, 26",202010
20201027,2020-10-27,FY2021,FY2021 Q2,2020 Oct,"2020 Oct, 27",202010
20201028,2020-10-28,FY2021,FY2021 Q2,2020 Oct,"2020 Oct, 28",202010
20201029,2020-10-29,FY2021,FY2021 Q2,2020 Oct,"2020 Oct, 29",202010
20201030,2020-10-30,FY2021,FY2021 Q2,2020 Oct,"2020 Oct, 30",202010
20201031,2020-10-31,FY2021,FY2021 Q2,2020 Oct,"2020 Oct, 31",202010
20201101,2020-11-01,FY2021,FY2021 Q2,2020 Nov,"2020 Nov, 01",202011
20201102,2020-11-02,FY2021,FY2021 Q2,2020 Nov,"2020 Nov, 02",202011
20201103,2020-11-03,FY2021,FY2021 Q2,2020 Nov,"2020 Nov, 03",202011
20201104,2020-11-04,FY2021,FY2021 Q2,2020 Nov,"2020 Nov, 04",202011
20201105,2020-11-05,FY2021,FY2021 Q2,2020 Nov,"2020 Nov, 05",202011
20201106,2020-11-06,FY2021,FY2021 Q2,2020 Nov,"2020 Nov, 06",202011
20201107,2020-11-07,FY2021,FY2021 Q2,2020 Nov,"2020 Nov, 07",202011
20201108,2020-11-08,FY2021,FY2021 Q2,2020 Nov,"2020 Nov, 08",202011
20201109,2020-11-09,FY2021,FY2021 Q2,2020 Nov,"2020 Nov, 09",202011
20201110,2020-11-10,FY2021,FY2021 Q2,2020 Nov,"2020 Nov, 10",202011
20201111,2020-11-11,FY2021,FY2021 Q2,2020 Nov,"2020 Nov, 11",202011
20201112,2020-11-12,FY2021,FY2021 Q2,2020 Nov,"2020 Nov, 12",202011
20201113,2020-11-13,FY2021,FY2021 Q2,2020 Nov,"2020 Nov, 13",202011
20201114,2020-11-14,FY2021,FY2021 Q2,2020 Nov,"2020 Nov, 14",202011
20201115,2020-11-15,FY2021,FY2021 Q2,2020 Nov,"2020 Nov, 15",202011
20201116,2020-11-16,FY2021,FY2021 Q2,2020 Nov,"2020 Nov, 16",202011
20201117,2020-11-17,FY2021,FY2021 Q2,2020 Nov,"2020 Nov, 17",202011
20201118,2020-11-18,FY2021,FY2021 Q2,2020 Nov,"2020 Nov, 18",202011
20201119,2020-11-19,FY2021,FY2021 Q2,2020 Nov,"2020 Nov, 19",202011
20201120,2020-11-20,FY2021,FY2021 Q2,2020 Nov,"2020 Nov, 20",202011
20201121,2020-11-21,FY2021,FY2021 Q2,2020 Nov,"2020 Nov, 21",202011
20201122,2020-11-22,FY2021,FY2021 Q2,2020 Nov,"2020 Nov, 22",202011
20201123,2020-11-23,FY2021,FY2021 Q2,2020 Nov,"2020 Nov, 23",202011
20201124,2020-11-24,FY2021,FY2021 Q2,2020 Nov,"2020 Nov, 24",202011
20201125,2020-11-25,FY2021,FY2021 Q2,2020 Nov,"2020 Nov, 25",202011
20201126,2020-11-26,FY2021,FY2021 Q2,2020 Nov,"2020 Nov, 26",202011
20201127,2020-11-27,FY2021,FY2021 Q2,2020 Nov,"2020 Nov, 27",202011
20201128,2020-11-28,FY2021,FY2021 Q2,2020 Nov,"2020 Nov, 28",202011
20201129,2020-11-29,FY2021,FY2021 Q2,2020 Nov,"2020 Nov, 29",202011
20201130,2020-11-30,FY2021,FY2021 Q2,2020 Nov,"2020 Nov, 30",202011
20201201,2020-12-01,FY2021,FY2021 Q2,2020 Dec,"2020 Dec, 01",202012
20201202,2020-12-02,FY2021,FY2021 Q2,2020 Dec,"2020 Dec, 02",202012
20201203,2020-12-03,FY2021,FY2021 Q2,2020 Dec,"2020 Dec, 03",202012
20201204,2020-12-04,FY2021,FY2021 Q2,2020 Dec,"2020 Dec, 04",202012
20201205,2020-12-05,FY2021,FY2021 Q2,2020 Dec,"2020 Dec, 05",202012
20201206,2020-12-06,FY2021,FY2021 Q2,2020 Dec,"2020 Dec, 06",202012
20201207,2020-12-07,FY2021,FY2021 Q2,2020 Dec,"2020 Dec, 07",202012
20201208,2020-12-08,FY2021,FY2021 Q2,2020 Dec,"2020 Dec, 08",202012
20201209,2020-12-09,FY2021,FY2021 Q2,2020 Dec,"2020 Dec, 09",202012
20201210,2020-12-10,FY2021,FY2021 Q2,2020 Dec,"2020 Dec, 10",202012
20201211,2020-12-11,FY2021,FY2021 Q2,2020 Dec,"2020 Dec, 11",202012
20201212,2020-12-12,FY2021,FY2021 Q2,2020 Dec,"2020 Dec, 12",202012
20201213,2020-12-13,FY2021,FY2021 Q2,2020 Dec,"2020 Dec, 13",202012
20201214,2020-12-14,FY2021,FY2021 Q2,2020 Dec,"2020 Dec, 14",202012
20201215,2020-12-15,FY2021,FY2021 Q2,2020 Dec,"2020 Dec, 15",202012
20201216,2020-12-16,FY2021,FY2021 Q2,2020 Dec,"2020 Dec, 16",202012
20201217,2020-12-17,FY2021,FY2021 Q2,2020 Dec,"2020 Dec, 17",202012
20201218,2020-12-18,FY2021,FY2021 Q2,2020 Dec,"2020 Dec, 18",202012
20201219,2020-12-19,FY2021,FY2021 Q2,2020 Dec,"2020 Dec, 19",202012
20201220,2020-12-20,FY2021,FY2021 Q2,2020 Dec,"2020 Dec, 20",202012
20201221,2020-12-21,FY2021,FY2021 Q2,2020 Dec,"2020 Dec, 21",202012
20201222,2020-12-22,FY2021,FY2021 Q2,2020 Dec,"2020 Dec, 22",202012
20201223,2020-12-23,FY2021,FY2021 Q2,2020 Dec,"2020 Dec, 23",202012
20201224,2020-12-24,FY2021,FY2021 Q2,2020 Dec,"2020 Dec, 24",202012
20201225,2020-12-25,FY2021,FY2021 Q2,2020 Dec,"2020 Dec, 25",202012
20201226,2020-12-26,FY2021,FY2021 Q2,2020 Dec,"2020 Dec, 26",202012
20201227,2020-12-27,FY2021,FY2021 Q2,2020 Dec,"2020 Dec, 27",202012
20201228,2020-12-28,FY2021,FY2021 Q2,2020 Dec,"2020 Dec, 28",202012
20201229,2020-12-29,FY2021,FY2021 Q2,2020 Dec,"2020 Dec, 29",202012
20201230,2020-12-30,FY2021,FY2021 Q2,2020 Dec,"2020 Dec, 30",202012
20201231,2020-12-31,FY2021,FY2021 Q2,2020 Dec,"2020 Dec, 31",202012
20210101,2021-01-01,FY2021,FY2021 Q3,2021 Jan,"2021 Jan, 01",202101
20210102,2021-01-02,FY2021,FY2021 Q3,2021 Jan,"2021 Jan, 02",202101
20210103,2021-01-03,FY2021,FY2021 Q3,2021 Jan,"2021 Jan, 03",202101
20210104,2021-01-04,FY2021,FY2021 Q3,2021 Jan,"2021 Jan, 04",202101
20210105,2021-01-05,FY2021,FY2021 Q3,2021 Jan,"2021 Jan, 05",202101
20210106,2021-01-06,FY2021,FY2021 Q3,2021 Jan,"2021 Jan, 06",202101
20210107,2021-01-07,FY2021,FY2021 Q3,2021 Jan,"2021 Jan, 07",202101
20210108,2021-01-08,FY2021,FY2021 Q3,2021 Jan,"2021 Jan, 08",202101
20210109,2021-01-09,FY2021,FY2021 Q3,2021 Jan,"2021 Jan, 09",202101
20210110,2021-01-10,FY2021,FY2021 Q3,2021 Jan,"2021 Jan, 10",202101
20210111,2021-01-11,FY2021,FY2021 Q3,2021 Jan,"2021 Jan, 11",202101
20210112,2021-01-12,FY2021,FY2021 Q3,2021 Jan,"2021 Jan, 12",202101
20210113,2021-01-13,FY2021,FY2021 Q3,2021 Jan,"2021 Jan, 13",202101
20210114,2021-01-14,FY2021,FY2021 Q3,2021 Jan,"2021 Jan, 14",202101
20210115,2021-01-15,FY2021,FY2021 Q3,2021 Jan,"2021 Jan, 15",202101
20210116,2021-01-16,FY2021,FY2021 Q3,2021 Jan,"2021 Jan, 16",202101
20210117,2021-01-17,FY2021,FY2021 Q3,2021 Jan,"2021 Jan, 17",202101
20210118,2021-01-18,FY2021,FY2021 Q3,2021 Jan,"2021 Jan, 18",202101
20210119,2021-01-19,FY2021,FY2021 Q3,2021 Jan,"2021 Jan, 19",202101
20210120,2021-01-20,FY2021,FY2021 Q3,2021 Jan,"2021 Jan, 20",202101
20210121,2021-01-21,FY2021,FY2021 Q3,2021 Jan,"2021 Jan, 21",202101
20210122,2021-01-22,FY2021,FY2021 Q3,2021 Jan,"2021 Jan, 22",202101
20210123,2021-01-23,FY2021,FY2021 Q3,2021 Jan,"2021 Jan, 23",202101
20210124,2021-01-24,FY2021,FY2021 Q3,2021 Jan,"2021 Jan, 24",202101
20210125,2021-01-25,FY2021,FY2021 Q3,2021 Jan,"2021 Jan, 25",202101
20210126,2021-01-26,FY2021,FY2021 Q3,2021 Jan,"2021 Jan, 26",202101
20210127,2021-01-27,FY2021,FY2021 Q3,2021 Jan,"2021 Jan, 27",202101
20210128,2021-01-28,FY2021,FY2021 Q3,2021 Jan,"2021 Jan, 28",202101
20210129,2021-01-29,FY2021,FY2021 Q3,2021 Jan,"2021 Jan, 29",202101
20210130,2021-01-30,FY2021,FY2021 Q3,2021 Jan,"2021 Jan, 30",202101
20210131,2021-01-31,FY2021,FY2021 Q3,2021 Jan,"2021 Jan, 31",202101
20210201,2021-02-01,FY2021,FY2021 Q3,2021 Feb,"2021 Feb, 01",202102
20210202,2021-02-02,FY2021,FY2021 Q3,2021 Feb,"2021 Feb, 02",202102
20210203,2021-02-03,FY2021,FY2021 Q3,2021 Feb,"2021 Feb, 03",202102
20210204,2021-02-04,FY2021,FY2021 Q3,2021 Feb,"2021 Feb, 04",202102
20210205,2021-02-05,FY2021,FY2021 Q3,2021 Feb,"2021 Feb, 05",202102
20210206,2021-02-06,FY2021,FY2021 Q3,2021 Feb,"2021 Feb, 06",202102
20210207,2021-02-07,FY2021,FY2021 Q3,2021 Feb,"2021 Feb, 07",202102
20210208,2021-02-08,FY2021,FY2021 Q3,2021 Feb,"2021 Feb, 08",202102
20210209,2021-02-09,FY2021,FY2021 Q3,2021 Feb,"2021 Feb, 09",202102
20210210,2021-02-10,FY2021,FY2021 Q3,2021 Feb,"2021 Feb, 10",202102
20210211,2021-02-11,FY2021,FY2021 Q3,2021 Feb,"2021 Feb, 11",202102
20210212,2021-02-12,FY2021,FY2021 Q3,2021 Feb,"2021 Feb, 12",202102
20210213,2021-02-13,FY2021,FY2021 Q3,2021 Feb,"2021 Feb, 13",202102
20210214,2021-02-14,FY2021,FY2021 Q3,2021 Feb,"2021 Feb, 14",202102
20210215,2021-02-15,FY2021,FY2021 Q3,2021 Feb,"2021 Feb, 15",202102
20210216,2021-02-16,FY2021,FY2021 Q3,2021 Feb,"2021 Feb, 16",202102
20210217,2021-02-17,FY2021,FY2021 Q3,2021 Feb,"2021 Feb, 17",202102
20210218,2021-02-18,FY2021,FY2021 Q3,2021 Feb,"2021 Feb, 18",202102
20210219,2021-02-19,FY2021,FY2021 Q3,2021 Feb,"2021 Feb, 19",202102
20210220,2021-02-20,FY2021,FY2021 Q3,2021 Feb,"2021 Feb, 20",202102
20210221,2021-02-21,FY2021,FY2021 Q3,2021 Feb,"2021 Feb, 21",202102
20210222,2021-02-22,FY2021,FY2021 Q3,2021 Feb,"2021 Feb, 22",202102
20210223,2021-02-23,FY2021,FY2021 Q3,2021 Feb,"2021 Feb, 23",202102
20210224,2021-02-24,FY2021,FY2021 Q3,2021 Feb,"2021 Feb, 24",202102
20210225,2021-02-25,FY2021,FY2021 Q3,2021 Feb,"2021 Feb, 25",202102
20210226,2021-02-26,FY2021,FY2021 Q3,2021 Feb,"2021 Feb, 26",202102
20210227,2021-02-27,FY2021,FY2021 Q3,2021 Feb,"2021 Feb, 27",202102
20210228,2021-02-28,FY2021,FY2021 Q3,2021 Feb,"2021 Feb, 28",202102
20210301,2021-03-01,FY2021,FY2021 Q3,2021 Mar,"2021 Mar, 01",202103
20210302,2021-03-02,FY2021,FY2021 Q3,2021 Mar,"2021 Mar, 02",202103
20210303,2021-03-03,FY2021,FY2021 Q3,2021 Mar,"2021 Mar, 03",202103
20210304,2021-03-04,FY2021,FY2021 Q3,2021 Mar,"2021 Mar, 04",202103
20210305,2021-03-05,FY2021,FY2021 Q3,2021 Mar,"2021 Mar, 05",202103
20210306,2021-03-06,FY2021,FY2021 Q3,2021 Mar,"2021 Mar, 06",202103
20210307,2021-03-07,FY2021,FY2021 Q3,2021 Mar,"2021 Mar, 07",202103
20210308,2021-03-08,FY2021,FY2021 Q3,2021 Mar,"2021 Mar, 08",202103
20210309,2021-03-09,FY2021,FY2021 Q3,2021 Mar,"2021 Mar, 09",202103
20210310,2021-03-10,FY2021,FY2021 Q3,2021 Mar,"2021 Mar, 10",202103
20210311,2021-03-11,FY2021,FY2021 Q3,2021 Mar,"2021 Mar, 11",202103
20210312,2021-03-12,FY2021,FY2021 Q3,2021 Mar,"2021 Mar, 12",202103
20210313,2021-03-13,FY2021,FY2021 Q3,2021 Mar,"2021 Mar, 13",202103
20210314,2021-03-14,FY2021,FY2021 Q3,2021 Mar,"2021 Mar, 14",202103
20210315,2021-03-15,FY2021,FY2021 Q3,2021 Mar,"2021 Mar, 15",202103
20210316,2021-03-16,FY2021,FY2021 Q3,2021 Mar,"2021 Mar, 16",202103
20210317,2021-03-17,FY2021,FY2021 Q3,2021 Mar,"2021 Mar, 17",202103
20210318,2021-03-18,FY2021,FY2021 Q3,2021 Mar,"2021 Mar, 18",202103
20210319,2021-03-19,FY2021,FY2021 Q3,2021 Mar,"2021 Mar, 19",202103
20210320,2021-03-20,FY2021,FY2021 Q3,2021 Mar,"2021 Mar, 20",202103
20210321,2021-03-21,FY2021,FY2021 Q3,2021 Mar,"2021 Mar, 21",202103
20210322,2021-03-22,FY2021,FY2021 Q3,2021 Mar,"2021 Mar, 22",202103
20210323,2021-03-23,FY2021,FY2021 Q3,2021 Mar,"2021 Mar, 23",202103
20210324,2021-03-24,FY2021,FY2021 Q3,2021 Mar,"2021 Mar, 24",202103
20210325,2021-03-25,FY2021,FY2021 Q3,2021 Mar,"2021 Mar, 25",202103
20210326,2021-03-26,FY2021,FY2021 Q3,2021 Mar,"2021 Mar, 26",202103
20210327,2021-03-27,FY2021,FY2021 Q3,2021 Mar,"2021 Mar, 27",202103
20210328,2021-03-28,FY2021,FY2021 Q3,2021 Mar,"2021 Mar, 28",202103
20210329,2021-03-29,FY2021,FY2021 Q3,2021 Mar,"2021 Mar, 29",202103
20210330,2021-03-30,FY2021,FY2021 Q3,2021 Mar,"2021 Mar, 30",202103
20210331,2021-03-31,FY2021,FY2021 Q3,2021 Mar,"2021 Mar, 31",202103
20210401,2021-04-01,FY2021,FY2021 Q4,2021 Apr,"2021 Apr, 01",202104
20210402,2021-04-02,FY2021,FY2021 Q4,2021 Apr,"2021 Apr, 02",202104
20210403,2021-04-03,FY2021,FY2021 Q4,2021 Apr,"2021 Apr, 03",202104
20210404,2021-04-04,FY2021,FY2021 Q4,2021 Apr,"2021 Apr, 04",202104
20210405,2021-04-05,FY2021,FY2021 Q4,2021 Apr,"2021 Apr, 05",202104
20210406,2021-04-06,FY2021,FY2021 Q4,2021 Apr,"2021 Apr, 06",202104
20210407,2021-04-07,FY2021,FY2021 Q4,2021 Apr,"2021 Apr, 07",202104
20210408,2021-04-08,FY2021,FY2021 Q4,2021 Apr,"2021 Apr, 08",202104
20210409,2021-04-09,FY2021,FY2021 Q4,2021 Apr,"2021 Apr, 09",202104
20210410,2021-04-10,FY2021,FY2021 Q4,2021 Apr,"2021 Apr, 10",202104
20210411,2021-04-11,FY2021,FY2021 Q4,2021 Apr,"2021 Apr, 11",202104
20210412,2021-04-12,FY2021,FY2021 Q4,2021 Apr,"2021 Apr, 12",202104
20210413,2021-04-13,FY2021,FY2021 Q4,2021 Apr,"2021 Apr, 13",202104
20210414,2021-04-14,FY2021,FY2021 Q4,2021 Apr,"2021 Apr, 14",202104
20210415,2021-04-15,FY2021,FY2021 Q4,2021 Apr,"2021 Apr, 15",202104
20210416,2021-04-16,FY2021,FY2021 Q4,2021 Apr,"2021 Apr, 16",202104
20210417,2021-04-17,FY2021,FY2021 Q4,2021 Apr,"2021 Apr, 17",202104
20210418,2021-04-18,FY2021,FY2021 Q4,2021 Apr,"2021 Apr, 18",202104
20210419,2021-04-19,FY2021,FY2021 Q4,2021 Apr,"2021 Apr, 19",202104
20210420,2021-04-20,FY2021,FY2021 Q4,2021 Apr,"2021 Apr, 20",202104
20210421,2021-04-21,FY2021,FY2021 Q4,2021 Apr,"2021 Apr, 21",202104
20210422,2021-04-22,FY2021,FY2021 Q4,2021 Apr,"2021 Apr, 22",202104
20210423,2021-04-23,FY2021,FY2021 Q4,2021 Apr,"2021 Apr, 23",202104
20210424,2021-04-24,FY2021,FY2021 Q4,2021 Apr,"2021 Apr, 24",202104
20210425,2021-04-25,FY2021,FY2021 Q4,2021 Apr,"2021 Apr, 25",202104
20210426,2021-04-26,FY2021,FY2021 Q4,2021 Apr,"2021 Apr, 26",202104
20210427,2021-04-27,FY2021,FY2021 Q4,2021 Apr,"2021 Apr, 27",202104
20210428,2021-04-28,FY2021,FY2021 Q4,2021 Apr,"2021 Apr, 28",202104
20210429,2021-04-29,FY2021,FY2021 Q4,2021 Apr,"2021 Apr, 29",202104
20210430,2021-04-30,FY2021,FY2021 Q4,2021 Apr,"2021 Apr, 30",202104
20210501,2021-05-01,FY2021,FY2021 Q4,2021 May,"2021 May, 01",202105
20210502,2021-05-02,FY2021,FY2021 Q4,2021 May,"2021 May, 02",202105
20210503,2021-05-03,FY2021,FY2021 Q4,2021 May,"2021 May, 03",202105
20210504,2021-05-04,FY2021,FY2021 Q4,2021 May,"2021 May, 04",202105
20210505,2021-05-05,FY2021,FY2021 Q4,2021 May,"2021 May, 05",202105
20210506,2021-05-06,FY2021,FY2021 Q4,2021 May,"2021 May, 06",202105
20210507,2021-05-07,FY2021,FY2021 Q4,2021 May,"2021 May, 07",202105
20210508,2021-05-08,FY2021,FY2021 Q4,2021 May,"2021 May, 08",202105
20210509,2021-05-09,FY2021,FY2021 Q4,2021 May,"2021 May, 09",202105
20210510,2021-05-10,FY2021,FY2021 Q4,2021 May,"2021 May, 10",202105
20210511,2021-05-11,FY2021,FY2021 Q4,2021 May,"2021 May, 11",202105
20210512,2021-05-12,FY2021,FY2021 Q4,2021 May,"2021 May, 12",202105
20210513,2021-05-13,FY2021,FY2021 Q4,2021 May,"2021 May, 13",202105
20210514,2021-05-14,FY2021,FY2021 Q4,2021 May,"2021 May, 14",202105
20210515,2021-05-15,FY2021,FY2021 Q4,2021 May,"2021 May, 15",202105
20210516,2021-05-16,FY2021,FY2021 Q4,2021 May,"2021 May, 16",202105
20210517,2021-05-17,FY2021,FY2021 Q4,2021 May,"2021 May, 17",202105
20210518,2021-05-18,FY2021,FY2021 Q4,2021 May,"2021 May, 18",202105
20210519,2021-05-19,FY2021,FY2021 Q4,2021 May,"2021 May, 19",202105
20210520,2021-05-20,FY2021,FY2021 Q4,2021 May,"2021 May, 20",202105
20210521,2021-05-21,FY2021,FY2021 Q4,2021 May,"2021 May, 21",202105
20210522,2021-05-22,FY2021,FY2021 Q4,2021 May,"2021 May, 22",202105
20210523,2021-05-23,FY2021,FY2021 Q4,2021 May,"2021 May, 23",202105
20210524,2021-05-24,FY2021,FY2021 Q4,2021 May,"2021 May, 24",202105
20210525,2021-05-25,FY2021,FY2021 Q4,2021 May,"2021 May, 25",202105
20210526,2021-05-26,FY2021,FY2021 Q4,2021 May,"2021 May, 26",202105
20210527,2021-05-27,FY2021,FY2021 Q4,2021 May,"2021 May, 27",202105
20210528,2021-05-28,FY2021,FY2021 Q4,2021 May,"2021 May, 28",202105
20210529,2021-05-29,FY2021,FY2021 Q4,2021 May,"2021 May, 29",202105
20210530,2021-05-30,FY2021,FY2021 Q4,2021 May,"2021 May, 30",202105
20210531,2021-05-31,FY2021,FY2021 Q4,2021 May,"2021 May, 31",202105
20210601,2021-06-01,FY2021,FY2021 Q4,2021 Jun,"2021 Jun, 01",202106
20210602,2021-06-02,FY2021,FY2021 Q4,2021 Jun,"2021 Jun, 02",202106
20210603,2021-06-03,FY2021,FY2021 Q4,2021 Jun,"2021 Jun, 03",202106
20210604,2021-06-04,FY2021,FY2021 Q4,2021 Jun,"2021 Jun, 04",202106
20210605,2021-06-05,FY2021,FY2021 Q4,2021 Jun,"2021 Jun, 05",202106
20210606,2021-06-06,FY2021,FY2021 Q4,2021 Jun,"2021 Jun, 06",202106
20210607,2021-06-07,FY2021,FY2021 Q4,2021 Jun,"2021 Jun, 07",202106
20210608,2021-06-08,FY2021,FY2021 Q4,2021 Jun,"2021 Jun, 08",202106
20210609,2021-06-09,FY2021,FY2021 Q4,2021 Jun,"2021 Jun, 09",202106
20210610,2021-06-10,FY2021,FY2021 Q4,2021 Jun,"2021 Jun, 10",202106
20210611,2021-06-11,FY2021,FY2021 Q4,2021 Jun,"2021 Jun, 11",202106
20210612,2021-06-12,FY2021,FY2021 Q4,2021 Jun,"2021 Jun, 12",202106
20210613,2021-06-13,FY2021,FY2021 Q4,2021 Jun,"2021 Jun, 13",202106
20210614,2021-06-14,FY2021,FY2021 Q4,2021 Jun,"2021 Jun, 14",202106
20210615,2021-06-15,FY2021,FY2021 Q4,2021 Jun,"2021 Jun, 15",202106
20210616,2021-06-16,FY2021,FY2021 Q4,2021 Jun,"2021 Jun, 16",202106
20210617,2021-06-17,FY2021,FY2021 Q4,2021 Jun,"2021 Jun, 17",202106
20210618,2021-06-18,FY2021,FY2021 Q4,2021 Jun,"2021 Jun, 18",202106
20210619,2021-06-19,FY2021,FY2021 Q4,2021 Jun,"2021 Jun, 19",202106
20210620,2021-06-20,FY2021,FY2021 Q4,2021 Jun,"2021 Jun, 20",202106
20210621,2021-06-21,FY2021,FY2021 Q4,2021 Jun,"2021 Jun, 21",202106
20210622,2021-06-22,FY2021,FY2021 Q4,2021 Jun,"2021 Jun, 22",202106
20210623,2021-06-23,FY2021,FY2021 Q4,2021 Jun,"2021 Jun, 23",202106
20210624,2021-06-24,FY2021,FY2021 Q4,2021 Jun,"2021 Jun, 24",202106
20210625,2021-06-25,FY2021,FY2021 Q4,2021 Jun,"2021 Jun, 25",202106
20210626,2021-06-26,FY2021,FY2021 Q4,2021 Jun,"2021 Jun, 26",202106
20210627,2021-06-27,FY2021,FY2021 Q4,2021 Jun,"2021 Jun, 27",202106
20210628,2021-06-28,FY2021,FY2021 Q4,2021 Jun,"2021 Jun, 28",202106
20210629,2021-06-29,FY2021,FY2021 Q4,2021 Jun,"2021 Jun, 29",202106
20210630,2021-06-30,FY2021,FY2021 Q4,2021 Jun,"2021 Jun, 30",202106
